日付,始値,高値,安値,終値,出来高,上昇率,基準超
2016/04/01,,,,,0,,0
2016/04/04,,,,,0,,0
2016/04/05,,,,,0,,0
2016/04/06,,,,,0,,0
2016/04/07,,,,,0,,0
2016/04/08,,,,,0,,0
2016/04/11,,,,,0,,0
2016/04/12,,,,,0,,0
2016/04/13,,,,,0,,0
2016/04/14,,,,,0,,0
2016/04/15,,,,,0,,0
2016/04/18,,,,,0,,0
2016/04/19,,,,,0,,0
2016/04/20,,,,,0,,0
2016/04/21,,,,,0,,0
2016/04/22,,,,,0,,0
2016/04/25,,,,,0,,0
2016/04/26,,,,,0,,0
2016/04/27,,,,,0,,0
2016/04/28,,,,,0,,0
2016/05/02,,,,,0,,0
2016/05/06,,,,,0,,0
2016/05/09,,,,,0,,0
2016/05/10,,,,,0,,0
2016/05/11,,,,,0,,0
2016/05/12,,,,,0,,0
2016/05/13,,,,,0,,0
2016/05/16,,,,,0,,0
2016/05/17,,,,,0,,0
2016/05/18,,,,,0,,0
2016/05/19,,,,,0,,0
2016/05/20,,,,,0,,0
2016/05/23,,,,,0,,0
2016/05/24,,,,,0,,0
2016/05/25,,,,,0,,0
2016/05/26,,,,,0,,0
2016/05/27,,,,,0,,0
2016/05/30,,,,,0,,0
2016/05/31,,,,,0,,0
2016/06/01,,,,,0,,0
2016/06/02,,,,,0,,0
2016/06/03,,,,,0,,0
2016/06/06,,,,,0,,0
2016/06/07,,,,,0,,0
2016/06/08,,,,,0,,0
2016/06/09,,,,,0,,0
2016/06/10,,,,,0,,0
2016/06/13,,,,,0,,0
2016/06/14,,,,,0,,0
2016/06/15,,,,,0,,0
2016/06/16,,,,,0,,0
2016/06/17,,,,,0,,0
2016/06/20,,,,,0,,0
2016/06/21,,,,,0,,0
2016/06/22,,,,,0,,0
2016/06/23,,,,,0,,0
2016/06/24,,,,,0,,0
2016/06/27,,,,,0,,0
2016/06/28,,,,,0,,0
2016/06/29,,,,,0,,0
2016/06/30,,,,,0,,0
2016/07/01,,,,,0,,0
2016/07/04,,,,,0,,0
2016/07/05,,,,,0,,0
2016/07/06,,,,,0,,0
2016/07/07,,,,,0,,0
2016/07/08,,,,,0,,0
2016/07/11,,,,,0,,0
2016/07/12,,,,,0,,0
2016/07/13,,,,,0,,0
2016/07/14,,,,,0,,0
2016/07/15,,,,,0,,0
2016/07/19,,,,,0,,0
2016/07/20,,,,,0,,0
2016/07/21,,,,,0,,0
2016/07/22,,,,,0,,0
2016/07/25,,,,,0,,0
2016/07/26,,,,,0,,0
2016/07/27,,,,,0,,0
2016/07/28,,,,,0,,0
2016/07/29,,,,,0,,0
2016/08/01,,,,,0,,0
2016/08/02,,,,,0,,0
2016/08/03,,,,,0,,0
2016/08/04,,,,,0,,0
2016/08/05,,,,,0,,0
2016/08/08,,,,,0,,0
2016/08/09,,,,,0,,0
2016/08/10,,,,,0,,0
2016/08/12,,,,,0,,0
2016/08/15,,,,,0,,0
2016/08/16,,,,,0,,0
2016/08/17,,,,,0,,0
2016/08/18,,,,,0,,0
2016/08/19,,,,,0,,0
2016/08/22,,,,,0,,0
2016/08/23,,,,,0,,0
2016/08/24,,,,,0,,0
2016/08/25,,,,,0,,0
2016/08/26,,,,,0,,0
2016/08/29,,,,,0,,0
2016/08/30,,,,,0,,0
2016/08/31,,,,,0,,0
2016/09/01,,,,,0,,0
2016/09/02,,,,,0,,0
2016/09/05,,,,,0,,0
2016/09/06,,,,,0,,0
2016/09/07,,,,,0,,0
2016/09/08,,,,,0,,0
2016/09/09,,,,,0,,0
2016/09/12,,,,,0,,0
2016/09/13,,,,,0,,0
2016/09/14,,,,,0,,0
2016/09/15,,,,,0,,0
2016/09/16,,,,,0,,0
2016/09/20,,,,,0,,0
2016/09/21,,,,,0,,0
2016/09/23,,,,,0,,0
2016/09/26,,,,,0,,0
2016/09/27,,,,,0,,0
2016/09/28,,,,,0,,0
2016/09/29,,,,,0,,0
2016/09/30,,,,,0,,0
2016/10/03,,,,,0,,0
2016/10/04,,,,,0,,0
2016/10/05,,,,,0,,0
2016/10/06,,,,,0,,0
2016/10/07,,,,,0,,0
2016/10/11,,,,,0,,0
2016/10/12,,,,,0,,0
2016/10/13,,,,,0,,0
2016/10/14,,,,,0,,0
2016/10/17,,,,,0,,0
2016/10/18,,,,,0,,0
2016/10/19,,,,,0,,0
2016/10/20,,,,,0,,0
2016/10/21,,,,,0,,0
2016/10/24,,,,,0,,0
2016/10/25,,,,,0,,0
2016/10/26,,,,,0,,0
2016/10/27,,,,,0,,0
2016/10/28,,,,,0,,0
2016/10/31,,,,,0,,0
2016/11/01,,,,,0,,0
2016/11/02,,,,,0,,0
2016/11/04,,,,,0,,0
2016/11/07,,,,,0,,0
2016/11/08,,,,,0,,0
2016/11/09,,,,,0,,0
2016/11/10,,,,,0,,0
2016/11/11,,,,,0,,0
2016/11/14,,,,,0,,0
2016/11/15,,,,,0,,0
2016/11/16,,,,,0,,0
2016/11/17,,,,,0,,0
2016/11/18,,,,,0,,0
2016/11/21,,,,,0,,0
2016/11/22,,,,,0,,0
2016/11/24,,,,,0,,0
2016/11/25,,,,,0,,0
2016/11/28,,,,,0,,0
2016/11/29,,,,,0,,0
2016/11/30,,,,,0,,0
2016/12/01,,,,,0,,0
2016/12/02,,,,,0,,0
2016/12/05,,,,,0,,0
2016/12/06,,,,,0,,0
2016/12/07,,,,,0,,0
2016/12/08,,,,,0,,0
2016/12/09,,,,,0,,0
2016/12/12,,,,,0,,0
2016/12/13,,,,,0,,0
2016/12/14,,,,,0,,0
2016/12/15,,,,,0,,0
2016/12/16,,,,,0,,0
2016/12/19,,,,,0,,0
2016/12/20,,,,,0,,0
2016/12/21,,,,,0,,0
2016/12/22,,,,,0,,0
2016/12/26,,,,,0,,0
2016/12/27,,,,,0,,0
2016/12/28,,,,,0,,0
2016/12/29,,,,,0,,0
2016/12/30,,,,,0,,0
2017/01/04,,,,,0,,0
2017/01/05,,,,,0,,0
2017/01/06,,,,,0,,0
2017/01/10,,,,,0,,0
2017/01/11,,,,,0,,0
2017/01/12,,,,,0,,0
2017/01/13,,,,,0,,0
2017/01/16,,,,,0,,0
2017/01/17,,,,,0,,0
2017/01/18,,,,,0,,0
2017/01/19,,,,,0,,0
2017/01/20,,,,,0,,0
2017/01/23,,,,,0,,0
2017/01/24,,,,,0,,0
2017/01/25,,,,,0,,0
2017/01/26,,,,,0,,0
2017/01/27,,,,,0,,0
2017/01/30,,,,,0,,0
2017/01/31,,,,,0,,0
2017/02/01,,,,,0,,0
2017/02/02,,,,,0,,0
2017/02/03,,,,,0,,0
2017/02/06,,,,,0,,0
2017/02/07,,,,,0,,0
2017/02/08,,,,,0,,0
2017/02/09,,,,,0,,0
2017/02/10,,,,,0,,0
2017/02/13,,,,,0,,0
2017/02/14,,,,,0,,0
2017/02/15,,,,,0,,0
2017/02/16,,,,,0,,0
2017/02/17,,,,,0,,0
2017/02/20,,,,,0,,0
2017/02/21,,,,,0,,0
2017/02/22,,,,,0,,0
2017/02/23,,,,,0,,0
2017/02/24,,,,,0,,0
2017/02/27,,,,,0,,0
2017/02/28,,,,,0,,0
2017/03/01,,,,,0,,0
2017/03/02,,,,,0,,0
2017/03/03,,,,,0,,0
2017/03/06,,,,,0,,0
2017/03/07,,,,,0,,0
2017/03/08,,,,,0,,0
2017/03/09,,,,,0,,0
2017/03/10,,,,,0,,0
2017/03/13,,,,,0,,0
2017/03/14,,,,,0,,0
2017/03/15,,,,,0,,0
2017/03/16,,,,,0,,0
2017/03/17,,,,,0,,0
2017/03/21,,,,,0,,0
2017/03/22,,,,,0,,0
2017/03/23,,,,,0,,0
2017/03/24,,,,,0,,0
2017/03/27,,,,,0,,0
2017/03/28,,,,,0,,0
2017/03/29,,,,,0,,0
2017/03/30,,,,,0,,0
2017/03/31,,,,,0,,0
2017/04/03,,,,,0,,0
2017/04/04,,,,,0,,0
2017/04/05,,,,,0,,0
2017/04/06,,,,,0,,0
2017/04/07,,,,,0,,0
2017/04/10,,,,,0,,0
2017/04/11,,,,,0,,0
2017/04/12,,,,,0,,0
2017/04/13,,,,,0,,0
2017/04/14,,,,,0,,0
2017/04/17,,,,,0,,0
2017/04/18,,,,,0,,0
2017/04/19,,,,,0,,0
2017/04/20,,,,,0,,0
2017/04/21,,,,,0,,0
2017/04/24,,,,,0,,0
2017/04/25,,,,,0,,0
2017/04/26,,,,,0,,0
2017/04/27,,,,,0,,0
2017/04/28,,,,,0,,0
2017/05/01,,,,,0,,0
2017/05/02,,,,,0,,0
2017/05/08,,,,,0,,0
2017/05/09,,,,,0,,0
2017/05/10,,,,,0,,0
2017/05/11,,,,,0,,0
2017/05/12,,,,,0,,0
2017/05/15,,,,,0,,0
2017/05/16,,,,,0,,0
2017/05/17,,,,,0,,0
2017/05/18,,,,,0,,0
2017/05/19,,,,,0,,0
2017/05/22,,,,,0,,0
2017/05/23,,,,,0,,0
2017/05/24,,,,,0,,0
2017/05/25,,,,,0,,0
2017/05/26,,,,,0,,0
2017/05/29,,,,,0,,0
2017/05/30,,,,,0,,0
2017/05/31,,,,,0,,0
2017/06/01,,,,,0,,0
2017/06/02,,,,,0,,0
2017/06/05,,,,,0,,0
2017/06/06,,,,,0,,0
2017/06/07,,,,,0,,0
2017/06/08,,,,,0,,0
2017/06/09,,,,,0,,0
2017/06/12,,,,,0,,0
2017/06/13,,,,,0,,0
2017/06/14,,,,,0,,0
2017/06/15,,,,,0,,0
2017/06/16,,,,,0,,0
2017/06/19,,,,,0,,0
2017/06/20,,,,,0,,0
2017/06/21,,,,,0,,0
2017/06/22,,,,,0,,0
2017/06/23,,,,,0,,0
2017/06/26,,,,,0,,0
2017/06/27,,,,,0,,0
2017/06/28,,,,,0,,0
2017/06/29,,,,,0,,0
2017/06/30,,,,,0,,0
2017/07/03,,,,,0,,0
2017/07/04,,,,,0,,0
2017/07/05,,,,,0,,0
2017/07/06,,,,,0,,0
2017/07/07,,,,,0,,0
2017/07/10,,,,,0,,0
2017/07/11,,,,,0,,0
2017/07/12,,,,,0,,0
2017/07/13,,,,,0,,0
2017/07/14,,,,,0,,0
2017/07/18,,,,,0,,0
2017/07/19,,,,,0,,0
2017/07/20,,,,,0,,0
2017/07/21,,,,,0,,0
2017/07/24,,,,,0,,0
2017/07/25,,,,,0,,0
2017/07/26,,,,,0,,0
2017/07/27,,,,,0,,0
2017/07/28,,,,,0,,0
2017/07/31,,,,,0,,0
2017/08/01,,,,,0,,0
2017/08/02,,,,,0,,0
2017/08/03,,,,,0,,0
2017/08/04,,,,,0,,0
2017/08/07,,,,,0,,0
2017/08/08,,,,,0,,0
2017/08/09,,,,,0,,0
2017/08/10,,,,,0,,0
2017/08/14,,,,,0,,0
2017/08/15,,,,,0,,0
2017/08/16,,,,,0,,0
2017/08/17,,,,,0,,0
2017/08/18,,,,,0,,0
2017/08/21,,,,,0,,0
2017/08/22,,,,,0,,0
2017/08/23,,,,,0,,0
2017/08/24,,,,,0,,0
2017/08/25,,,,,0,,0
2017/08/28,,,,,0,,0
2017/08/29,,,,,0,,0
2017/08/30,,,,,0,,0
2017/08/31,,,,,0,,0
2017/09/01,,,,,0,,0
2017/09/04,,,,,0,,0
2017/09/05,,,,,0,,0
2017/09/06,,,,,0,,0
2017/09/07,,,,,0,,0
2017/09/08,,,,,0,,0
2017/09/11,,,,,0,,0
2017/09/12,,,,,0,,0
2017/09/13,,,,,0,,0
2017/09/14,,,,,0,,0
2017/09/15,,,,,0,,0
2017/09/19,,,,,0,,0
2017/09/20,,,,,0,,0
2017/09/21,,,,,0,,0
2017/09/22,,,,,0,,0
2017/09/25,,,,,0,,0
2017/09/26,,,,,0,,0
2017/09/27,,,,,0,,0
2017/09/28,,,,,0,,0
2017/09/29,,,,,0,,0
2017/10/02,,,,,0,,0
2017/10/03,,,,,0,,0
2017/10/04,,,,,0,,0
2017/10/05,,,,,0,,0
2017/10/06,,,,,0,,0
2017/10/10,,,,,0,,0
2017/10/11,,,,,0,,0
2017/10/12,,,,,0,,0
2017/10/13,,,,,0,,0
2017/10/16,,,,,0,,0
2017/10/17,,,,,0,,0
2017/10/18,,,,,0,,0
2017/10/19,,,,,0,,0
2017/10/20,,,,,0,,0
2017/10/23,,,,,0,,0
2017/10/24,,,,,0,,0
2017/10/25,,,,,0,,0
2017/10/26,,,,,0,,0
2017/10/27,,,,,0,,0
2017/10/30,,,,,0,,0
2017/10/31,,,,,0,,0
2017/11/01,,,,,0,,0
2017/11/02,,,,,0,,0
2017/11/06,,,,,0,,0
2017/11/07,,,,,0,,0
2017/11/08,,,,,0,,0
2017/11/09,,,,,0,,0
2017/11/10,,,,,0,,0
2017/11/13,,,,,0,,0
2017/11/14,,,,,0,,0
2017/11/15,,,,,0,,0
2017/11/16,,,,,0,,0
2017/11/17,,,,,0,,0
2017/11/20,,,,,0,,0
2017/11/21,,,,,0,,0
2017/11/22,,,,,0,,0
2017/11/24,,,,,0,,0
2017/11/27,,,,,0,,0
2017/11/28,,,,,0,,0
2017/11/29,,,,,0,,0
2017/11/30,,,,,0,,0
2017/12/01,,,,,0,,0
2017/12/04,,,,,0,,0
2017/12/05,,,,,0,,0
2017/12/06,,,,,0,,0
2017/12/07,,,,,0,,0
2017/12/08,,,,,0,,0
2017/12/11,,,,,0,,0
2017/12/12,,,,,0,,0
2017/12/13,,,,,0,,0
2017/12/14,,,,,0,,0
2017/12/15,,,,,0,,0
2017/12/18,,,,,0,,0
2017/12/19,,,,,0,,0
2017/12/20,,,,,0,,0
2017/12/21,,,,,0,,0
2017/12/22,,,,,0,,0
2017/12/25,,,,,0,,0
2017/12/26,,,,,0,,0
2017/12/27,,,,,0,,0
2017/12/28,,,,,0,,0
2017/12/29,,,,,0,,0
2018/01/04,,,,,0,,0
2018/01/05,,,,,0,,0
2018/01/09,,,,,0,,0
2018/01/10,,,,,0,,0
2018/01/11,,,,,0,,0
2018/01/12,,,,,0,,0
2018/01/15,,,,,0,,0
2018/01/16,,,,,0,,0
2018/01/17,,,,,0,,0
2018/01/18,,,,,0,,0
2018/01/19,,,,,0,,0
2018/01/22,,,,,0,,0
2018/01/23,,,,,0,,0
2018/01/24,,,,,0,,0
2018/01/25,,,,,0,,0
2018/01/26,,,,,0,,0
2018/01/29,,,,,0,,0
2018/01/30,,,,,0,,0
2018/01/31,,,,,0,,0
2018/02/01,,,,,0,,0
2018/02/02,,,,,0,,0
2018/02/05,,,,,0,,0
2018/02/06,,,,,0,,0
2018/02/07,,,,,0,,0
2018/02/08,,,,,0,,0
2018/02/09,,,,,0,,0
2018/02/13,,,,,0,,0
2018/02/14,,,,,0,,0
2018/02/15,,,,,0,,0
2018/02/16,,,,,0,,0
2018/02/19,,,,,0,,0
2018/02/20,,,,,0,,0
2018/02/21,,,,,0,,0
2018/02/22,,,,,0,,0
2018/02/23,,,,,0,,0
2018/02/26,,,,,0,,0
2018/02/27,,,,,0,,0
2018/02/28,,,,,0,,0
2018/03/01,,,,,0,,0
2018/03/02,,,,,0,,0
2018/03/05,,,,,0,,0
2018/03/06,,,,,0,,0
2018/03/07,,,,,0,,0
2018/03/08,,,,,0,,0
2018/03/09,,,,,0,,0
2018/03/12,,,,,0,,0
2018/03/13,,,,,0,,0
2018/03/14,,,,,0,,0
2018/03/15,,,,,0,,0
2018/03/16,,,,,0,,0
2018/03/19,,,,,0,,0
2018/03/20,,,,,0,,0
2018/03/22,,,,,0,,0
2018/03/23,,,,,0,,0
2018/03/26,,,,,0,,0
2018/03/27,,,,,0,,0
2018/03/28,,,,,0,,0
2018/03/29,,,,,0,,0
2018/03/30,,,,,0,,0
2018/04/02,,,,,0,,0
2018/04/03,,,,,0,,0
2018/04/04,,,,,0,,0
2018/04/05,,,,,0,,0
2018/04/06,,,,,0,,0
2018/04/09,,,,,0,,0
2018/04/10,,,,,0,,0
2018/04/11,,,,,0,,0
2018/04/12,,,,,0,,0
2018/04/13,,,,,0,,0
2018/04/16,,,,,0,,0
2018/04/17,,,,,0,,0
2018/04/18,,,,,0,,0
2018/04/19,,,,,0,,0
2018/04/20,,,,,0,,0
2018/04/23,,,,,0,,0
2018/04/24,,,,,0,,0
2018/04/25,,,,,0,,0
2018/04/26,,,,,0,,0
2018/04/27,,,,,0,,0
2018/05/01,,,,,0,,0
2018/05/02,,,,,0,,0
2018/05/07,,,,,0,,0
2018/05/08,,,,,0,,0
2018/05/09,,,,,0,,0
2018/05/10,,,,,0,,0
2018/05/11,,,,,0,,0
2018/05/14,,,,,0,,0
2018/05/15,,,,,0,,0
2018/05/16,,,,,0,,0
2018/05/17,,,,,0,,0
2018/05/18,,,,,0,,0
2018/05/21,,,,,0,,0
2018/05/22,,,,,0,,0
2018/05/23,,,,,0,,0
2018/05/24,,,,,0,,0
2018/05/25,,,,,0,,0
2018/05/28,,,,,0,,0
2018/05/29,,,,,0,,0
2018/05/30,,,,,0,,0
2018/05/31,,,,,0,,0
2018/06/01,,,,,0,,0
2018/06/04,,,,,0,,0
2018/06/05,,,,,0,,0
2018/06/06,,,,,0,,0
2018/06/07,,,,,0,,0
2018/06/08,,,,,0,,0
2018/06/11,,,,,0,,0
2018/06/12,,,,,0,,0
2018/06/13,,,,,0,,0
2018/06/14,,,,,0,,0
2018/06/15,,,,,0,,0
2018/06/18,,,,,0,,0
2018/06/19,,,,,0,,0
2018/06/20,,,,,0,,0
2018/06/21,,,,,0,,0
2018/06/22,,,,,0,,0
2018/06/25,,,,,0,,0
2018/06/26,,,,,0,,0
2018/06/27,,,,,0,,0
2018/06/28,,,,,0,,0
2018/06/29,,,,,0,,0
2018/07/02,,,,,0,,0
2018/07/03,,,,,0,,0
2018/07/04,,,,,0,,0
2018/07/05,,,,,0,,0
2018/07/06,,,,,0,,0
2018/07/09,,,,,0,,0
2018/07/10,,,,,0,,0
2018/07/11,,,,,0,,0
2018/07/12,,,,,0,,0
2018/07/13,,,,,0,,0
2018/07/17,,,,,0,,0
2018/07/18,,,,,0,,0
2018/07/19,,,,,0,,0
2018/07/20,,,,,0,,0
2018/07/23,,,,,0,,0
2018/07/24,,,,,0,,0
2018/07/25,,,,,0,,0
2018/07/26,,,,,0,,0
2018/07/27,,,,,0,,0
2018/07/30,,,,,0,,0
2018/07/31,,,,,0,,0
2018/08/01,,,,,0,,0
2018/08/02,,,,,0,,0
2018/08/03,,,,,0,,0
2018/08/06,,,,,0,,0
2018/08/07,,,,,0,,0
2018/08/08,,,,,0,,0
2018/08/09,,,,,0,,0
2018/08/10,,,,,0,,0
2018/08/13,,,,,0,,0
2018/08/14,,,,,0,,0
2018/08/15,,,,,0,,0
2018/08/16,,,,,0,,0
2018/08/17,,,,,0,,0
2018/08/20,,,,,0,,0
2018/08/21,,,,,0,,0
2018/08/22,,,,,0,,0
2018/08/23,,,,,0,,0
2018/08/24,,,,,0,,0
2018/08/27,,,,,0,,0
2018/08/28,,,,,0,,0
2018/08/29,,,,,0,,0
2018/08/30,,,,,0,,0
2018/08/31,,,,,0,,0
2018/09/03,,,,,0,,0
2018/09/04,,,,,0,,0
2018/09/05,,,,,0,,0
2018/09/06,,,,,0,,0
2018/09/07,,,,,0,,0
2018/09/10,,,,,0,,0
2018/09/11,,,,,0,,0
2018/09/12,,,,,0,,0
2018/09/13,,,,,0,,0
2018/09/14,,,,,0,,0
2018/09/18,,,,,0,,0
2018/09/19,,,,,0,,0
2018/09/20,,,,,0,,0
2018/09/21,,,,,0,,0
2018/09/25,,,,,0,,0
2018/09/26,,,,,0,,0
2018/09/27,,,,,0,,0
2018/09/28,,,,,0,,0
2018/10/01,,,,,0,,0
2018/10/02,,,,,0,,0
2018/10/03,,,,,0,,0
2018/10/04,,,,,0,,0
2018/10/05,,,,,0,,0
2018/10/09,,,,,0,,0
2018/10/10,,,,,0,,0
2018/10/11,,,,,0,,0
2018/10/12,,,,,0,,0
2018/10/15,,,,,0,,0
2018/10/16,,,,,0,,0
2018/10/17,,,,,0,,0
2018/10/18,,,,,0,,0
2018/10/19,,,,,0,,0
2018/10/22,,,,,0,,0
2018/10/23,,,,,0,,0
2018/10/24,,,,,0,,0
2018/10/25,,,,,0,,0
2018/10/26,,,,,0,,0
2018/10/29,,,,,0,,0
2018/10/30,,,,,0,,0
2018/10/31,,,,,0,,0
2018/11/01,,,,,0,,0
2018/11/02,,,,,0,,0
2018/11/05,,,,,0,,0
2018/11/06,,,,,0,,0
2018/11/07,,,,,0,,0
2018/11/08,,,,,0,,0
2018/11/09,,,,,0,,0
2018/11/12,,,,,0,,0
2018/11/13,,,,,0,,0
2018/11/14,,,,,0,,0
2018/11/15,,,,,0,,0
2018/11/16,,,,,0,,0
2018/11/19,,,,,0,,0
2018/11/20,,,,,0,,0
2018/11/21,,,,,0,,0
2018/11/22,,,,,0,,0
2018/11/26,,,,,0,,0
2018/11/27,,,,,0,,0
2018/11/28,,,,,0,,0
2018/11/29,,,,,0,,0
2018/11/30,,,,,0,,0
2018/12/03,,,,,0,,0
2018/12/04,,,,,0,,0
2018/12/05,,,,,0,,0
2018/12/06,,,,,0,,0
2018/12/07,,,,,0,,0
2018/12/10,,,,,0,,0
2018/12/11,,,,,0,,0
2018/12/12,,,,,0,,0
2018/12/13,,,,,0,,0
2018/12/14,,,,,0,,0
2018/12/17,,,,,0,,0
2018/12/18,,,,,0,,0
2018/12/19,,,,,0,,0
2018/12/20,,,,,0,,0
2018/12/21,,,,,0,,0
2018/12/25,,,,,0,,0
2018/12/26,,,,,0,,0
2018/12/27,,,,,0,,0
2018/12/28,,,,,0,,0
2019/01/04,,,,,0,,0
2019/01/07,,,,,0,,0
2019/01/08,,,,,0,,0
2019/01/09,,,,,0,,0
2019/01/10,,,,,0,,0
2019/01/11,,,,,0,,0
2019/01/15,,,,,0,,0
2019/01/16,,,,,0,,0
2019/01/17,,,,,0,,0
2019/01/18,,,,,0,,0
2019/01/21,,,,,0,,0
2019/01/22,,,,,0,,0
2019/01/23,,,,,0,,0
2019/01/24,,,,,0,,0
2019/01/25,,,,,0,,0
2019/01/28,,,,,0,,0
2019/01/29,,,,,0,,0
2019/01/30,,,,,0,,0
2019/01/31,,,,,0,,0
2019/02/01,,,,,0,,0
2019/02/04,,,,,0,,0
2019/02/05,,,,,0,,0
2019/02/06,,,,,0,,0
2019/02/07,,,,,0,,0
2019/02/08,,,,,0,,0
2019/02/12,,,,,0,,0
2019/02/13,,,,,0,,0
2019/02/14,,,,,0,,0
2019/02/15,,,,,0,,0
2019/02/18,,,,,0,,0
2019/02/19,,,,,0,,0
2019/02/20,,,,,0,,0
2019/02/21,,,,,0,,0
2019/02/22,,,,,0,,0
2019/02/25,,,,,0,,0
2019/02/26,,,,,0,,0
2019/02/27,,,,,0,,0
2019/02/28,,,,,0,,0
2019/03/01,,,,,0,,0
2019/03/04,,,,,0,,0
2019/03/05,,,,,0,,0
2019/03/06,,,,,0,,0
2019/03/07,,,,,0,,0
2019/03/08,,,,,0,,0
2019/03/11,,,,,0,,0
2019/03/12,,,,,0,,0
2019/03/13,,,,,0,,0
2019/03/14,,,,,0,,0
2019/03/15,,,,,0,,0
2019/03/18,,,,,0,,0
2019/03/19,,,,,0,,0
2019/03/20,,,,,0,,0
2019/03/22,,,,,0,,0
2019/03/25,,,,,0,,0
2019/03/26,,,,,0,,0
2019/03/27,,,,,0,,0
2019/03/28,,,,,0,,0
2019/03/29,,,,,0,,0
2019/04/01,,,,,0,,0
2019/04/02,,,,,0,,0
2019/04/03,,,,,0,,0
2019/04/04,,,,,0,,0
2019/04/05,,,,,0,,0
2019/04/08,,,,,0,,0
2019/04/09,,,,,0,,0
2019/04/10,,,,,0,,0
2019/04/11,,,,,0,,0
2019/04/12,,,,,0,,0
2019/04/15,,,,,0,,0
2019/04/16,,,,,0,,0
2019/04/17,,,,,0,,0
2019/04/18,,,,,0,,0
2019/04/19,,,,,0,,0
2019/04/22,,,,,0,,0
2019/04/23,,,,,0,,0
2019/04/24,,,,,0,,0
2019/04/25,,,,,0,,0
2019/04/26,,,,,0,,0
2019/05/07,,,,,0,,0
2019/05/08,,,,,0,,0
2019/05/09,,,,,0,,0
2019/05/10,,,,,0,,0
2019/05/13,,,,,0,,0
2019/05/14,,,,,0,,0
2019/05/15,,,,,0,,0
2019/05/16,,,,,0,,0
2019/05/17,,,,,0,,0
2019/05/20,,,,,0,,0
2019/05/21,,,,,0,,0
2019/05/22,,,,,0,,0
2019/05/23,,,,,0,,0
2019/05/24,,,,,0,,0
2019/05/27,,,,,0,,0
2019/05/28,,,,,0,,0
2019/05/29,,,,,0,,0
2019/05/30,,,,,0,,0
2019/05/31,,,,,0,,0
2019/06/03,,,,,0,,0
2019/06/04,,,,,0,,0
2019/06/05,,,,,0,,0
2019/06/06,,,,,0,,0
2019/06/07,,,,,0,,0
2019/06/10,,,,,0,,0
2019/06/11,,,,,0,,0
2019/06/12,,,,,0,,0
2019/06/13,,,,,0,,0
2019/06/14,,,,,0,,0
2019/06/17,,,,,0,,0
2019/06/18,,,,,0,,0
2019/06/19,,,,,0,,0
2019/06/20,,,,,0,,0
2019/06/21,,,,,0,,0
2019/06/24,,,,,0,,0
2019/06/25,,,,,0,,0
2019/06/26,,,,,0,,0
2019/06/27,,,,,0,,0
2019/06/28,,,,,0,,0
2019/07/01,,,,,0,,0
2019/07/02,,,,,0,,0
2019/07/03,,,,,0,,0
2019/07/04,,,,,0,,0
2019/07/05,,,,,0,,0
2019/07/08,,,,,0,,0
2019/07/09,,,,,0,,0
2019/07/10,,,,,0,,0
2019/07/11,,,,,0,,0
2019/07/12,,,,,0,,0
2019/07/16,,,,,0,,0
2019/07/17,,,,,0,,0
2019/07/18,,,,,0,,0
2019/07/19,,,,,0,,0
2019/07/22,,,,,0,,0
2019/07/23,,,,,0,,0
2019/07/24,,,,,0,,0
2019/07/25,,,,,0,,0
2019/07/26,,,,,0,,0
2019/07/29,,,,,0,,0
2019/07/30,,,,,0,,0
2019/07/31,,,,,0,,0
2019/08/01,,,,,0,,0
2019/08/02,,,,,0,,0
2019/08/05,,,,,0,,0
2019/08/06,,,,,0,,0
2019/08/07,,,,,0,,0
2019/08/08,,,,,0,,0
2019/08/09,,,,,0,,0
2019/08/13,,,,,0,,0
2019/08/14,,,,,0,,0
2019/08/15,,,,,0,,0
2019/08/16,,,,,0,,0
2019/08/19,,,,,0,,0
2019/08/20,,,,,0,,0
2019/08/21,,,,,0,,0
2019/08/22,,,,,0,,0
2019/08/23,,,,,0,,0
2019/08/26,,,,,0,,0
2019/08/27,,,,,0,,0
2019/08/28,,,,,0,,0
2019/08/29,,,,,0,,0
2019/08/30,,,,,0,,0
2019/09/02,,,,,0,,0
2019/09/03,,,,,0,,0
2019/09/04,,,,,0,,0
2019/09/05,,,,,0,,0
2019/09/06,,,,,0,,0
2019/09/09,,,,,0,,0
2019/09/10,,,,,0,,0
2019/09/11,,,,,0,,0
2019/09/12,,,,,0,,0
2019/09/13,,,,,0,,0
2019/09/17,,,,,0,,0
2019/09/18,,,,,0,,0
2019/09/19,,,,,0,,0
2019/09/20,,,,,0,,0
2019/09/24,,,,,0,,0
2019/09/25,,,,,0,,0
2019/09/26,,,,,0,,0
2019/09/27,,,,,0,,0
2019/09/30,,,,,0,,0
2019/10/01,,,,,0,,0
2019/10/02,,,,,0,,0
2019/10/03,,,,,0,,0
2019/10/04,,,,,0,,0
2019/10/07,,,,,0,,0
2019/10/08,,,,,0,,0
2019/10/09,,,,,0,,0
2019/10/10,,,,,0,,0
2019/10/11,,,,,0,,0
2019/10/15,,,,,0,,0
2019/10/16,,,,,0,,0
2019/10/17,,,,,0,,0
2019/10/18,,,,,0,,0
2019/10/21,,,,,0,,0
2019/10/23,,,,,0,,0
2019/10/24,,,,,0,,0
2019/10/25,,,,,0,,0
2019/10/28,,,,,0,,0
2019/10/29,,,,,0,,0
2019/10/30,,,,,0,,0
2019/10/31,,,,,0,,0
2019/11/01,,,,,0,,0
2019/11/05,,,,,0,,0
2019/11/06,,,,,0,,0
2019/11/07,,,,,0,,0
2019/11/08,,,,,0,,0
2019/11/11,,,,,0,,0
2019/11/12,,,,,0,,0
2019/11/13,,,,,0,,0
2019/11/14,,,,,0,,0
2019/11/15,,,,,0,,0
2019/11/18,,,,,0,,0
2019/11/19,,,,,0,,0
2019/11/20,,,,,0,,0
2019/11/21,,,,,0,,0
2019/11/22,,,,,0,,0
2019/11/25,,,,,0,,0
2019/11/26,,,,,0,,0
2019/11/27,,,,,0,,0
2019/11/28,,,,,0,,0
2019/11/29,,,,,0,,0
2019/12/02,,,,,0,,0
2019/12/03,,,,,0,,0
2019/12/04,,,,,0,,0
2019/12/05,,,,,0,,0
2019/12/06,,,,,0,,0
2019/12/09,,,,,0,,0
2019/12/10,,,,,0,,0
2019/12/11,,,,,0,,0
2019/12/12,,,,,0,,0
2019/12/13,,,,,0,,0
2019/12/16,,,,,0,,0
2019/12/17,,,,,0,,0
2019/12/18,,,,,0,,0
2019/12/19,,,,,0,,0
2019/12/20,,,,,0,,0
2019/12/23,,,,,0,,0
2019/12/24,,,,,0,,0
2019/12/25,,,,,0,,0
2019/12/26,,,,,0,,0
2019/12/27,,,,,0,,0
2019/12/30,,,,,0,,0
2020/01/06,,,,,0,,0
2020/01/07,,,,,0,,0
2020/01/08,,,,,0,,0
2020/01/09,,,,,0,,0
2020/01/10,,,,,0,,0
2020/01/14,,,,,0,,0
2020/01/15,,,,,0,,0
2020/01/16,,,,,0,,0
2020/01/17,,,,,0,,0
2020/01/20,,,,,0,,0
2020/01/21,,,,,0,,0
2020/01/22,,,,,0,,0
2020/01/23,,,,,0,,0
2020/01/24,,,,,0,,0
2020/01/27,,,,,0,,0
2020/01/28,,,,,0,,0
2020/01/29,,,,,0,,0
2020/01/30,,,,,0,,0
2020/01/31,,,,,0,,0
2020/02/03,,,,,0,,0
2020/02/04,,,,,0,,0
2020/02/05,,,,,0,,0
2020/02/06,,,,,0,,0
2020/02/07,,,,,0,,0
2020/02/10,,,,,0,,0
2020/02/12,,,,,0,,0
2020/02/13,,,,,0,,0
2020/02/14,,,,,0,,0
2020/02/17,,,,,0,,0
2020/02/18,,,,,0,,0
2020/02/19,,,,,0,,0
2020/02/20,,,,,0,,0
2020/02/21,,,,,0,,0
2020/02/25,,,,,0,,0
2020/02/26,,,,,0,,0
2020/02/27,,,,,0,,0
2020/02/28,,,,,0,,0
2020/03/02,,,,,0,,0
2020/03/03,,,,,0,,0
2020/03/04,,,,,0,,0
2020/03/05,,,,,0,,0
2020/03/06,,,,,0,,0
2020/03/09,,,,,0,,0
2020/03/10,,,,,0,,0
2020/03/11,,,,,0,,0
2020/03/12,,,,,0,,0
2020/03/13,,,,,0,,0
2020/03/16,,,,,0,,0
2020/03/17,,,,,0,,0
2020/03/18,,,,,0,,0
2020/03/19,,,,,0,,0
2020/03/23,,,,,0,,0
2020/03/24,,,,,0,,0
2020/03/25,,,,,0,,0
2020/03/26,,,,,0,,0
2020/03/27,,,,,0,,0
2020/03/30,,,,,0,,0
2020/03/31,,,,,0,,0
2020/04/01,,,,,0,,0
2020/04/02,,,,,0,,0
2020/04/03,,,,,0,,0
2020/04/06,,,,,0,,0
2020/04/07,,,,,0,,0
2020/04/08,,,,,0,,0
2020/04/09,,,,,0,,0
2020/04/10,,,,,0,,0
2020/04/13,,,,,0,,0
2020/04/14,,,,,0,,0
2020/04/15,,,,,0,,0
2020/04/16,,,,,0,,0
2020/04/17,,,,,0,,0
2020/04/20,,,,,0,,0
2020/04/21,,,,,0,,0
2020/04/22,,,,,0,,0
2020/04/23,,,,,0,,0
2020/04/24,,,,,0,,0
2020/04/27,,,,,0,,0
2020/04/28,,,,,0,,0
2020/04/30,,,,,0,,0
2020/05/01,,,,,0,,0
2020/05/07,,,,,0,,0
2020/05/08,,,,,0,,0
2020/05/11,,,,,0,,0
2020/05/12,,,,,0,,0
2020/05/13,,,,,0,,0
2020/05/14,,,,,0,,0
2020/05/15,,,,,0,,0
2020/05/18,,,,,0,,0
2020/05/19,,,,,0,,0
2020/05/20,,,,,0,,0
2020/05/21,,,,,0,,0
2020/05/22,,,,,0,,0
2020/05/25,,,,,0,,0
2020/05/26,,,,,0,,0
2020/05/27,,,,,0,,0
2020/05/28,,,,,0,,0
2020/05/29,,,,,0,,0
2020/06/01,,,,,0,,0
2020/06/02,,,,,0,,0
2020/06/03,,,,,0,,0
2020/06/04,,,,,0,,0
2020/06/05,,,,,0,,0
2020/06/08,,,,,0,,0
2020/06/09,,,,,0,,0
2020/06/10,,,,,0,,0
2020/06/11,,,,,0,,0
2020/06/12,,,,,0,,0
2020/06/15,,,,,0,,0
2020/06/16,,,,,0,,0
2020/06/17,,,,,0,,0
2020/06/18,,,,,0,,0
2020/06/19,,,,,0,,0
2020/06/22,,,,,0,,0
2020/06/23,,,,,0,,0
2020/06/24,,,,,0,,0
2020/06/25,,,,,0,,0
2020/06/26,,,,,0,,0
2020/06/29,,,,,0,,0
2020/06/30,,,,,0,,0
2020/07/01,,,,,0,,0
2020/07/02,,,,,0,,0
2020/07/03,,,,,0,,0
2020/07/06,,,,,0,,0
2020/07/07,,,,,0,,0
2020/07/08,,,,,0,,0
2020/07/09,,,,,0,,0
2020/07/10,,,,,0,,0
2020/07/13,,,,,0,,0
2020/07/14,,,,,0,,0
2020/07/15,,,,,0,,0
2020/07/16,,,,,0,,0
2020/07/17,,,,,0,,0
2020/07/20,,,,,0,,0
2020/07/21,,,,,0,,0
2020/07/22,,,,,0,,0
2020/07/27,,,,,0,,0
2020/07/28,,,,,0,,0
2020/07/29,,,,,0,,0
2020/07/30,,,,,0,,0
2020/07/31,,,,,0,,0
2020/08/03,,,,,0,,0
2020/08/04,,,,,0,,0
2020/08/05,,,,,0,,0
2020/08/06,,,,,0,,0
2020/08/07,,,,,0,,0
2020/08/11,,,,,0,,0
2020/08/12,,,,,0,,0
2020/08/13,,,,,0,,0
2020/08/14,,,,,0,,0
2020/08/17,,,,,0,,0
2020/08/18,,,,,0,,0
2020/08/19,,,,,0,,0
2020/08/20,,,,,0,,0
2020/08/21,,,,,0,,0
2020/08/24,,,,,0,,0
2020/08/25,,,,,0,,0
2020/08/26,,,,,0,,0
2020/08/27,,,,,0,,0
2020/08/28,,,,,0,,0
2020/08/31,,,,,0,,0
2020/09/01,,,,,0,,0
2020/09/02,,,,,0,,0
2020/09/03,,,,,0,,0
2020/09/04,,,,,0,,0
2020/09/07,,,,,0,,0
2020/09/08,,,,,0,,0
2020/09/09,,,,,0,,0
2020/09/10,,,,,0,,0
2020/09/11,,,,,0,,0
2020/09/14,,,,,0,,0
2020/09/15,,,,,0,,0
2020/09/16,,,,,0,,0
2020/09/17,,,,,0,,0
2020/09/18,,,,,0,,0
2020/09/23,,,,,0,,0
2020/09/24,,,,,0,,0
2020/09/25,,,,,0,,0
2020/09/28,,,,,0,,0
2020/09/29,,,,,0,,0
2020/09/30,,,,,0,,0
2020/10/01,,,,,0,,0
2020/10/02,,,,,0,,0
2020/10/05,,,,,0,,0
2020/10/06,,,,,0,,0
2020/10/07,,,,,0,,0
2020/10/08,,,,,0,,0
2020/10/09,,,,,0,,0
2020/10/12,,,,,0,,0
2020/10/13,,,,,0,,0
2020/10/14,,,,,0,,0
2020/10/15,,,,,0,,0
2020/10/16,,,,,0,,0
2020/10/19,,,,,0,,0
2020/10/20,,,,,0,,0
2020/10/21,,,,,0,,0
2020/10/22,,,,,0,,0
2020/10/23,,,,,0,,0
2020/10/26,,,,,0,,0
2020/10/27,,,,,0,,0
2020/10/28,,,,,0,,0
2020/10/29,,,,,0,,0
2020/10/30,,,,,0,,0
2020/11/02,,,,,0,,0
2020/11/04,,,,,0,,0
2020/11/05,,,,,0,,0
2020/11/06,,,,,0,,0
2020/11/09,,,,,0,,0
2020/11/10,,,,,0,,0
2020/11/11,,,,,0,,0
2020/11/12,,,,,0,,0
2020/11/13,,,,,0,,0
2020/11/16,,,,,0,,0
2020/11/17,,,,,0,,0
2020/11/18,,,,,0,,0
2020/11/19,,,,,0,,0
2020/11/20,,,,,0,,0
2020/11/24,,,,,0,,0
2020/11/25,,,,,0,,0
2020/11/26,,,,,0,,0
2020/11/27,,,,,0,,0
2020/11/30,,,,,0,,0
2020/12/01,,,,,0,,0
2020/12/02,,,,,0,,0
2020/12/03,,,,,0,,0
2020/12/04,,,,,0,,0
2020/12/07,,,,,0,,0
2020/12/08,,,,,0,,0
2020/12/09,,,,,0,,0
2020/12/10,,,,,0,,0
2020/12/11,,,,,0,,0
2020/12/14,,,,,0,,0
2020/12/15,,,,,0,,0
2020/12/16,2954,2955,2851,2920,2061500,0.988490182802979,0
2020/12/17,2900,3095,2877,3030,721600,1.0448275862069,1
2020/12/18,3135,3380,3065,3300,1067200,1.05263157894737,1
2020/12/21,3250,3250,3155,3245,400600,0.998461538461539,0
2020/12/22,3105,3190,3100,3145,128500,1.01288244766506,0
2020/12/23,3150,3180,3055,3140,123700,0.996825396825397,0
2020/12/24,3150,3150,3100,3135,74200,0.995238095238095,0
2020/12/25,3120,3140,3100,3130,76600,1.00320512820513,0
2020/12/28,3140,3150,3100,3145,67300,1.0015923566879,0
2020/12/29,3110,3140,3100,3120,74600,1.0032154340836,0
2020/12/30,3105,3150,3105,3150,79500,1.01449275362319,0
2021/01/04,3150,3200,3130,3200,150300,1.01587301587302,0
2021/01/05,3190,3300,3175,3290,350700,1.03134796238245,1
2021/01/06,3245,3295,3105,3290,215300,1.01386748844376,0
2021/01/07,3290,3300,3255,3300,187900,1.00303951367781,0
2021/01/08,3290,3300,3200,3280,141200,0.996960486322188,0
2021/01/12,3330,3415,3225,3370,365500,1.01201201201201,0
2021/01/13,3310,3395,3305,3395,209700,1.02567975830816,0
2021/01/14,3325,3390,3280,3370,178100,1.01353383458647,0
2021/01/15,3380,3400,3365,3395,162900,1.00443786982249,0
2021/01/18,3395,3505,3370,3465,282400,1.02061855670103,0
2021/01/19,3465,3490,3420,3455,143500,0.997113997113997,0
2021/01/20,3490,3650,3480,3580,322500,1.02578796561605,0
2021/01/21,3615,3845,3610,3755,285400,1.0387275242047,1
2021/01/22,3820,3845,3755,3840,231200,1.00523560209424,0
2021/01/25,3890,4140,3855,4095,394500,1.05269922879177,1
2021/01/26,3980,4040,3775,3840,264100,0.964824120603015,0
2021/01/27,3770,3860,3575,3755,405800,0.996021220159151,0
2021/01/28,3700,3860,3620,3800,1251300,1.02702702702703,0
2021/01/29,3755,3845,3740,3800,177200,1.01198402130493,0
2021/02/01,3780,3970,3780,3890,150800,1.02910052910053,0
2021/02/02,3935,3960,3870,3890,68900,0.98856416772554,0
2021/02/03,3925,3950,3870,3950,76100,1.00636942675159,0
2021/02/04,3950,3965,3905,3930,73900,0.994936708860759,0
2021/02/05,3910,3960,3860,3930,81300,1.00511508951407,0
2021/02/08,3945,3960,3880,3930,62800,0.996197718631179,0
2021/02/09,3895,3895,3740,3865,143300,0.992297817715019,0
2021/02/10,3830,3915,3785,3850,114000,1.00522193211488,0
2021/02/12,3850,3950,3825,3880,77200,1.00779220779221,0
2021/02/15,3920,3935,3555,3770,173300,0.961734693877551,0
2021/02/16,3750,3780,3695,3745,137300,0.998666666666667,0
2021/02/17,3675,3700,3540,3565,135400,0.970068027210884,0
2021/02/18,3605,3635,3500,3500,81500,0.970873786407767,0
2021/02/19,3505,3535,3340,3425,100400,0.977175463623395,0
2021/02/22,3425,3545,3425,3500,49700,1.02189781021898,0
2021/02/24,3455,3475,3400,3450,62100,0.998552821997106,0
2021/02/25,3515,3690,3455,3630,85200,1.03271692745377,1
2021/02/26,3500,3595,3460,3515,76900,1.00428571428571,0
2021/03/01,3510,3540,3405,3530,57500,1.00569800569801,0
2021/03/02,3850,3850,3690,3775,138700,0.980519480519481,0
2021/03/03,3800,3850,3695,3740,84200,0.984210526315789,0
2021/03/04,3700,3750,3685,3725,46400,1.00675675675676,0
2021/03/05,3665,3900,3655,3900,153500,1.06412005457026,1
2021/03/08,3915,4100,3905,4035,234000,1.03065134099617,1
2021/03/09,4000,4320,3980,4180,311100,1.045,1
2021/03/10,4180,4315,4030,4105,182600,0.982057416267943,0
2021/03/11,4000,4165,3910,4115,100800,1.02875,0
2021/03/12,4090,4135,4025,4110,62200,1.00488997555012,0
2021/03/15,4075,4145,4070,4125,46800,1.01226993865031,0
2021/03/16,4095,4125,4055,4115,45800,1.004884004884,0
2021/03/17,4115,4220,4080,4160,65300,1.01093560145808,0
2021/03/18,4155,4210,4150,4200,29900,1.01083032490975,0
2021/03/19,4240,4350,4200,4280,120900,1.00943396226415,0
2021/03/22,4240,4250,4105,4135,55000,0.975235849056604,0
2021/03/23,4205,4260,4125,4125,51700,0.980975029726516,0
2021/03/24,4130,4175,4060,4065,65000,0.984261501210654,0
2021/03/25,4055,4235,4055,4200,93800,1.03575832305795,1
2021/03/26,4230,4325,4140,4155,93900,0.982269503546099,0
2021/03/29,4140,4240,4055,4135,132500,0.998792270531401,0
2021/03/30,4065,4105,3900,4075,101100,1.00246002460025,0
2021/03/31,4065,4180,3985,3995,83500,0.982779827798278,0
2021/04/01,4015,4050,3920,3920,74800,0.976338729763387,0
2021/04/02,3890,3970,3825,3875,94600,0.996143958868895,0
2021/04/05,3875,4015,3875,3980,61100,1.02709677419355,0
2021/04/06,4030,4105,4005,4050,107200,1.00496277915633,0
2021/04/07,4120,4250,4120,4185,82100,1.01577669902913,0
2021/04/08,4165,4370,4135,4330,137600,1.03961584633854,1
2021/04/09,4450,4515,4280,4310,101000,0.968539325842697,0
2021/04/12,4380,4385,4280,4295,75200,0.980593607305936,0
2021/04/13,4395,4505,4385,4415,136300,1.00455062571104,0
2021/04/14,4375,4455,4305,4415,92500,1.00914285714286,0
2021/04/15,4430,4705,4385,4695,158400,1.05981941309255,1
2021/04/16,4600,4700,4535,4650,93100,1.01086956521739,0
2021/04/19,4630,4730,4595,4635,75900,1.00107991360691,0
2021/04/20,4600,4735,4540,4660,97100,1.01304347826087,0
2021/04/21,4595,4730,4460,4725,143000,1.02829162132753,0
2021/04/22,4655,4730,4540,4570,128800,0.981740064446831,0
2021/04/23,4525,4635,4525,4605,75100,1.01767955801105,0
2021/04/26,4650,4765,4600,4620,80900,0.993548387096774,0
2021/04/27,4660,4825,4570,4790,208600,1.02789699570815,0
2021/04/28,4700,4885,4585,4835,533900,1.02872340425532,0
2021/04/30,4765,4820,4580,4595,137500,0.964323189926548,0
2021/05/06,4550,4735,4550,4615,103000,1.01428571428571,0
2021/05/07,4610,4670,4580,4615,64600,1.00108459869848,0
2021/05/10,5320,5320,5320,5320,14300,1,0
2021/05/11,5700,5900,5400,5660,657400,0.992982456140351,0
2021/05/12,5430,5500,5140,5460,258300,1.00552486187845,0
2021/05/13,5310,5540,5310,5450,172900,1.02636534839925,0
2021/05/14,5500,5520,5230,5290,187700,0.961818181818182,0
2021/05/17,5320,5500,5290,5350,187300,1.00563909774436,0
2021/05/18,5370,5560,5370,5470,157100,1.01862197392924,0
2021/05/19,5320,5400,5270,5300,201700,0.996240601503759,0
2021/05/20,5200,5570,5140,5460,218700,1.05,1
2021/05/21,5550,5970,5530,5930,278400,1.06846846846847,1
2021/05/24,6050,6180,5910,6020,214900,0.99504132231405,0
2021/05/25,6150,6270,6100,6170,208100,1.00325203252033,0
2021/05/26,6120,6200,5930,5950,150000,0.972222222222222,0
2021/05/27,5950,6230,5920,6110,528100,1.02689075630252,0
2021/05/28,6160,6310,6130,6220,141200,1.00974025974026,0
2021/05/31,6420,6490,6270,6380,96600,0.993769470404984,0
2021/06/01,6400,6410,6160,6350,89600,0.9921875,0
2021/06/02,6440,6490,6310,6370,126600,0.989130434782609,0
2021/06/03,6300,6340,6070,6090,184200,0.966666666666667,0
2021/06/04,6190,6240,6010,6040,108700,0.975767366720517,0
2021/06/07,6110,6280,6060,6120,87400,1.00163666121113,0
2021/06/08,6120,6340,6120,6320,69600,1.03267973856209,1
2021/06/09,6300,6370,6190,6210,80300,0.985714285714286,0
2021/06/10,6110,6300,6110,6290,64600,1.02945990180033,0
2021/06/11,6450,6480,6260,6430,109100,0.996899224806202,0
2021/06/14,6330,6410,6240,6260,94900,0.988941548183254,0
2021/06/15,6180,6560,6180,6390,112100,1.03398058252427,1
2021/06/16,6290,6350,6080,6100,133900,0.969793322734499,0
2021/06/17,6080,6180,6060,6080,78200,1,0
2021/06/18,6030,6240,5920,5990,368200,0.993366500829187,0
2021/06/21,5790,5930,5570,5730,177200,0.989637305699482,0
2021/06/22,5740,5850,5630,5770,161500,1.00522648083624,0
2021/06/23,5670,5730,5590,5620,127400,0.991181657848324,0
2021/06/24,5600,5640,5520,5540,104800,0.989285714285714,0
2021/06/25,5750,5880,5600,5700,119400,0.991304347826087,0
2021/06/28,5670,5800,5570,5590,83000,0.985890652557319,0
2021/06/29,5560,5670,5520,5590,126100,1.00539568345324,0
2021/06/30,5660,5680,5530,5630,47100,0.99469964664311,0
2021/07/01,5600,5610,5280,5290,101300,0.944642857142857,0
2021/07/02,5300,5550,5300,5520,113700,1.04150943396226,1
2021/07/05,5540,5640,5530,5530,49600,0.998194945848375,0
2021/07/06,5430,5510,5350,5440,92100,1.00184162062615,0
2021/07/07,5360,5500,5350,5420,110100,1.01119402985075,0
2021/07/08,5330,5330,5150,5150,141300,0.966228893058161,0
2021/07/09,5100,5220,5040,5200,126200,1.01960784313725,0
2021/07/12,5390,5510,5300,5440,98800,1.00927643784787,0
2021/07/13,5430,5610,5420,5500,71500,1.01289134438306,0
2021/07/14,5600,5650,5490,5560,64000,0.992857142857143,0
2021/07/15,5650,5650,5310,5460,115100,0.966371681415929,0
2021/07/16,5370,5530,5350,5480,62200,1.02048417132216,0
2021/07/19,5380,5430,5160,5170,107100,0.960966542750929,0
2021/07/20,5160,5290,5140,5170,62400,1.00193798449612,0
2021/07/21,5320,5380,5280,5290,55100,0.994360902255639,0
2021/07/26,5350,5500,5320,5460,78600,1.02056074766355,0
2021/07/27,5550,5680,5520,5620,100300,1.01261261261261,0
2021/07/28,5660,5790,5390,5410,99500,0.95583038869258,0
2021/07/29,5380,5440,5200,5380,284800,1,0
2021/07/30,5380,5380,5180,5200,75600,0.966542750929368,0
2021/08/02,5260,5310,5170,5180,61900,0.984790874524715,0
2021/08/03,5160,5200,5070,5160,53200,1,0
2021/08/04,5120,5200,5080,5150,83100,1.005859375,0
2021/08/05,5080,5290,5000,5210,115200,1.0255905511811,0
2021/08/06,5210,5550,5210,5520,127700,1.0595009596929,1
2021/08/10,5720,5720,5180,5290,199100,0.924825174825175,0
2021/08/11,5340,5420,5130,5190,153000,0.971910112359551,0
2021/08/12,5300,5350,5250,5290,75100,0.99811320754717,0
2021/08/13,5400,5430,5300,5380,57600,0.996296296296296,0
2021/08/16,5180,5220,5110,5190,54900,1.0019305019305,0
2021/08/17,5180,5250,5120,5170,35200,0.998069498069498,0
2021/08/18,5170,5190,5120,5160,30600,0.998065764023211,0
2021/08/19,5110,5240,5100,5160,35500,1.00978473581213,0
2021/08/20,5110,5210,4800,4905,87700,0.959882583170254,0
2021/08/23,4995,5060,4850,5000,59500,1.001001001001,0
2021/08/24,5100,5170,5070,5130,33400,1.00588235294118,0
2021/08/25,5130,5160,4985,5050,65500,0.984405458089669,0
2021/08/26,4970,4970,4860,4920,47400,0.989939637826962,0
2021/08/27,4990,5070,4900,5050,44500,1.01202404809619,0
2021/08/30,5050,5060,4925,4990,47200,0.988118811881188,0
2021/08/31,4945,5040,4855,5030,72600,1.01718907987867,0
2021/09/01,4970,5140,4945,5110,70500,1.02816901408451,0
2021/09/02,5120,5290,5110,5290,76500,1.033203125,1
2021/09/03,5350,5560,5310,5520,69500,1.03177570093458,1
2021/09/06,5550,5550,5440,5540,47000,0.998198198198198,0
2021/09/07,5520,5690,5520,5670,58100,1.02717391304348,0
2021/09/08,5670,5670,5510,5550,34900,0.978835978835979,0
2021/09/09,5600,5600,5510,5590,35400,0.998214285714286,0
2021/09/10,5580,5650,5540,5590,48600,1.00179211469534,0
2021/09/13,5560,5560,5440,5560,35100,1,0
2021/09/14,5550,5750,5510,5730,47300,1.03243243243243,1
2021/09/15,5630,5650,5500,5570,31200,0.989342806394316,0
2021/09/16,5630,5630,5470,5540,23300,0.984014209591474,0
2021/09/17,5540,5580,5500,5580,33200,1.0072202166065,0
2021/09/21,5380,5450,5150,5350,44500,0.994423791821561,0
2021/09/22,5430,5430,5310,5360,31700,0.987108655616943,0
2021/09/24,5550,5550,5400,5440,39400,0.98018018018018,0
2021/09/27,5440,5440,5210,5290,42500,0.972426470588235,0
2021/09/28,5340,5340,5220,5270,24700,0.98689138576779,0
2021/09/29,5170,5200,5070,5130,98300,0.992263056092843,0
2021/09/30,5170,5210,5140,5150,46400,0.996131528046422,0
2021/10/01,5070,5080,4940,5010,52000,0.988165680473373,0
2021/10/04,5110,5110,4925,5010,55300,0.980430528375734,0
2021/10/05,5110,5130,5030,5050,57300,0.98825831702544,0
2021/10/06,5200,5330,5120,5120,67000,0.984615384615385,0
2021/10/07,5080,5130,5010,5040,33600,0.992125984251969,0
2021/10/08,5140,5150,5060,5120,22600,0.996108949416342,0
2021/10/11,5070,5370,5040,5350,81100,1.05522682445759,1
2021/10/12,5310,5370,5250,5310,30300,1,0
2021/10/13,5340,5360,5260,5280,32500,0.98876404494382,0
2021/10/14,5080,5160,5020,5160,68800,1.01574803149606,0
2021/10/15,5180,5200,5100,5180,48700,1,0
2021/10/18,5180,5200,5070,5190,38900,1.0019305019305,0
2021/10/19,5230,5370,5160,5370,88300,1.02676864244742,0
2021/10/20,5380,5430,5180,5210,65400,0.968401486988848,0
2021/10/21,5170,5220,5080,5090,51100,0.984526112185687,0
2021/10/22,5090,5100,4975,4990,69000,0.980353634577603,0
2021/10/25,5020,5090,4995,5080,62500,1.01195219123506,0
2021/10/26,5100,5150,5070,5100,45600,1,0
2021/10/27,5170,5190,5110,5180,65300,1.00193423597679,0
2021/10/28,5100,5110,4920,4940,96600,0.968627450980392,0
2021/10/29,4940,4945,4620,4660,122100,0.94331983805668,0
2021/11/01,4680,4765,4645,4710,52300,1.00641025641026,0
2021/11/02,4775,4940,4720,4865,68800,1.01884816753927,0
2021/11/04,4870,4910,4610,4735,226900,0.972279260780287,0
2021/11/05,4700,4770,4665,4675,85800,0.99468085106383,0
2021/11/08,4850,5000,4455,4765,304800,0.982474226804124,0
2021/11/09,4895,4970,4850,4920,135500,1.00510725229826,0
2021/11/10,4980,5060,4935,4935,64900,0.990963855421687,0
2021/11/11,4885,4935,4795,4850,56400,0.992835209825998,0
2021/11/12,4900,5030,4900,4935,43700,1.00714285714286,0
2021/11/15,4950,4950,4895,4895,27100,0.988888888888889,0
2021/11/16,4895,4930,4865,4865,30600,0.993871297242084,0
2021/11/17,4890,4940,4840,4845,35800,0.99079754601227,0
2021/11/18,4825,4850,4750,4755,64900,0.985492227979275,0
2021/11/19,4765,4830,4690,4775,97300,1.00209863588667,0
2021/11/22,4720,4720,4595,4595,32400,0.973516949152542,0
2021/11/24,4600,4755,4600,4675,87500,1.01630434782609,0
2021/11/25,4705,4750,4630,4630,43800,0.984059511158342,0
2021/11/26,4625,4700,4460,4465,47200,0.965405405405405,0
2021/11/29,4400,4545,4365,4415,58400,1.00340909090909,0
2021/11/30,4405,4580,4325,4330,75200,0.982973893303065,0
2021/12/01,4265,4295,4155,4225,67200,0.990621336459555,0
2021/12/02,4195,4430,4195,4385,95600,1.04529201430274,1
2021/12/03,4325,4485,4305,4485,72200,1.03699421965318,1
2021/12/06,4290,4345,4225,4330,78600,1.00932400932401,0
2021/12/07,4330,4445,4330,4425,45400,1.02193995381062,0
2021/12/08,4480,4480,4410,4440,37300,0.991071428571429,0
2021/12/09,4370,4400,4325,4325,25500,0.989702517162471,0
2021/12/10,4275,4275,4125,4125,46600,0.964912280701754,0
2021/12/13,4125,4160,4030,4060,55600,0.984242424242424,0
2021/12/14,4000,4095,3970,3990,70100,0.9975,0
2021/12/15,3990,4020,3920,3970,53600,0.994987468671679,0
2021/12/16,4010,4025,3905,3940,65800,0.982543640897756,0
2021/12/17,3900,3935,3825,3855,89100,0.988461538461539,0
2021/12/20,3850,3910,3825,3870,67300,1.00519480519481,0
2021/12/21,3865,3940,3865,3885,41700,1.00517464424321,0
2021/12/22,3885,3925,3855,3890,36600,1.001287001287,0
2021/12/23,3890,3910,3850,3850,21600,0.989717223650386,0
2021/12/24,3905,3920,3885,3915,27300,1.00256081946223,0
2021/12/27,3900,3945,3855,3865,49800,0.991025641025641,0
2021/12/28,3930,4130,3900,4115,119400,1.0470737913486,1
2021/12/29,3980,4040,3975,4000,51300,1.00502512562814,0
2021/12/30,4000,4000,3920,3930,30500,0.9825,0
2022/01/04,3985,4020,3905,3985,40200,1,0
2022/01/05,3990,3995,3900,3935,62400,0.986215538847118,0
2022/01/06,3935,3940,3840,3885,85900,0.987293519695044,0
2022/01/07,3885,3905,3755,3765,53200,0.969111969111969,0
2022/01/11,3770,3825,3665,3765,41700,0.99867374005305,0
2022/01/12,3905,4095,3840,4060,91700,1.03969270166453,1
2022/01/13,4065,4065,3950,3955,51400,0.972939729397294,0
2022/01/14,4050,4050,3865,3900,70300,0.962962962962963,0
2022/01/17,3930,4015,3845,4015,49000,1.02162849872774,0
2022/01/18,4155,4160,4045,4100,79300,0.98676293622142,0
2022/01/19,4115,4115,3875,3940,136200,0.957472660996355,0
2022/01/20,4010,4210,3995,4185,110900,1.04364089775561,1
2022/01/21,4165,4240,4095,4200,96600,1.00840336134454,0
2022/01/24,4175,4185,4035,4110,54700,0.984431137724551,0
2022/01/25,4075,4080,3975,4010,47700,0.984049079754601,0
2022/01/26,4010,4060,3955,4005,54100,0.998753117206983,0
2022/01/27,4045,4115,3975,4065,95300,1.00494437577256,0
2022/01/28,4125,4260,4085,4260,73800,1.03272727272727,1
2022/01/31,4230,4370,4200,4350,74800,1.02836879432624,0
2022/02/01,4365,4425,4205,4250,72600,0.973654066437572,0
2022/02/02,4320,4345,4260,4300,88100,0.99537037037037,0
2022/02/03,4270,4290,4115,4270,80800,1,0
2022/02/04,4325,4365,4200,4295,66200,0.993063583815029,0
2022/02/07,4335,4380,4245,4355,79700,1.00461361014994,0
2022/02/08,4425,4425,4220,4255,83800,0.961581920903955,0
2022/02/09,4275,4285,4110,4265,97300,0.99766081871345,0
2022/02/10,4395,4435,4270,4285,53600,0.974971558589306,0
2022/02/14,4210,4285,4050,4220,175800,1.00237529691211,0
2022/02/15,4150,4205,4010,4115,170200,0.991566265060241,0
2022/02/16,4060,4130,4035,4035,63200,0.99384236453202,0
2022/02/17,4045,4240,4045,4135,80100,1.02224969097651,0
2022/02/18,4130,4205,4110,4155,53800,1.00605326876513,0
2022/02/21,4110,4155,4030,4080,66300,0.992700729927007,0
2022/02/22,4040,4045,3975,4000,60500,0.99009900990099,0
2022/02/24,3975,4035,3975,4020,45100,1.01132075471698,0
2022/02/25,3975,4010,3920,3960,56400,0.99622641509434,0
2022/02/28,3960,3960,3800,3875,79000,0.978535353535353,0
2022/03/01,3900,3950,3820,3915,63000,1.00384615384615,0
2022/03/02,3900,3900,3750,3755,81800,0.962820512820513,0
2022/03/03,3795,3915,3795,3875,56800,1.02108036890646,0
2022/03/04,3930,3945,3850,3870,84200,0.984732824427481,0
2022/03/07,3840,3850,3705,3820,79800,0.994791666666667,0
2022/03/08,3775,3870,3745,3790,83400,1.00397350993377,0
2022/03/09,3750,3770,3650,3685,92700,0.982666666666667,0
2022/03/10,3825,3935,3770,3925,120600,1.02614379084967,0
2022/03/11,3895,3930,3860,3895,57000,1,0
2022/03/14,3905,3965,3855,3905,49900,1,0
2022/03/15,3910,3995,3875,3955,48600,1.01150895140665,0
2022/03/16,3905,3930,3840,3905,56200,1,0
2022/03/17,3925,4030,3925,4000,95300,1.01910828025478,0
2022/03/18,3900,3995,3880,3975,93100,1.01923076923077,0
2022/03/22,3980,4055,3965,4055,99300,1.01884422110553,0
2022/03/23,4045,4155,3985,4090,94300,1.01112484548826,0
2022/03/24,4090,4130,3990,4130,36000,1.00977995110024,0
2022/03/25,4200,4210,4125,4205,39200,1.00119047619048,0
2022/03/28,4190,4190,4115,4180,44900,0.997613365155131,0
2022/03/29,4170,4215,4130,4200,66500,1.00719424460432,0
2022/03/30,4270,4270,4070,4115,54600,0.963700234192037,0
2022/03/31,4100,4140,4035,4035,48700,0.984146341463415,0
2022/04/01,4000,4090,3975,4065,31000,1.01625,0
2022/04/04,4205,4290,4105,4265,96500,1.01426872770511,0
2022/04/05,4285,4450,4280,4415,91900,1.03033838973162,1
2022/04/06,4485,4665,4485,4565,136200,1.01783723522854,0
2022/04/07,4515,4595,4505,4545,85000,1.00664451827243,0
2022/04/08,4545,4570,4470,4545,43300,1,0
2022/04/11,4545,4545,4450,4490,40500,0.987898789878988,0
2022/04/12,4450,4455,4290,4290,37400,0.964044943820225,0
2022/04/13,4305,4330,4240,4280,56300,0.994192799070848,0
2022/04/14,4280,4320,4235,4310,51300,1.00700934579439,0
2022/04/15,4310,4390,4300,4350,21500,1.0092807424594,0
2022/04/18,4300,4300,4190,4220,34000,0.981395348837209,0
2022/04/19,4220,4265,4190,4190,29200,0.992890995260663,0
2022/04/20,4190,4270,4190,4210,45900,1.00477326968974,0
2022/04/21,4215,4480,4210,4445,91500,1.05456702253855,1
2022/04/22,4425,4620,4400,4505,118100,1.0180790960452,0
2022/04/25,4425,4515,4355,4470,62700,1.01016949152542,0
2022/04/26,4510,4550,4425,4425,61400,0.981152993348115,0
2022/04/27,4295,4365,4220,4340,84900,1.0104772991851,0
2022/04/28,4365,4500,4360,4480,46600,1.02634593356243,0
2022/05/02,4340,4450,4305,4410,39200,1.01612903225806,0
2022/05/06,4410,4610,4410,4540,74500,1.02947845804989,0
2022/05/09,4495,4510,4305,4320,57300,0.961067853170189,0
2022/05/10,4290,4300,4150,4235,58900,0.987179487179487,0
2022/05/11,4305,4440,4265,4380,98500,1.01742160278746,0
2022/05/12,4450,4550,4315,4420,112800,0.993258426966292,0
2022/05/13,4350,4570,4350,4415,95700,1.01494252873563,0
2022/05/16,4415,4420,4235,4270,47200,0.967157417893545,0
2022/05/17,4270,4420,4250,4390,51700,1.02810304449649,0
2022/05/18,4335,4440,4335,4395,57900,1.01384083044983,0
2022/05/19,4340,4340,4235,4255,49000,0.980414746543779,0
2022/05/20,4235,4345,4210,4330,57900,1.0224321133412,0
2022/05/23,4350,4580,4350,4580,52500,1.05287356321839,1
2022/05/24,4585,4825,4575,4715,114600,1.02835332606325,0
2022/05/25,4645,4645,4355,4400,147000,0.947255113024758,0
2022/05/26,4410,4520,4410,4425,48300,1.00340136054422,0
2022/05/27,4480,4580,4410,4565,50700,1.01897321428571,0
2022/05/30,4610,4720,4610,4675,96600,1.01409978308026,0
2022/05/31,4650,4750,4650,4695,84000,1.00967741935484,0
2022/06/01,4800,4875,4740,4780,46300,0.995833333333333,0
2022/06/02,4720,4745,4640,4725,30600,1.0010593220339,0
2022/06/03,4725,4750,4650,4735,39500,1.0021164021164,0
2022/06/06,4600,4750,4600,4735,74400,1.02934782608696,0
2022/06/07,4700,4700,4580,4600,44000,0.978723404255319,0
2022/06/08,4575,4685,4575,4640,40400,1.01420765027322,0
2022/06/09,4640,4720,4595,4645,39000,1.0010775862069,0
2022/06/10,4610,4610,4500,4515,42700,0.97939262472885,0
2022/06/13,4410,4425,4370,4385,26400,0.994331065759637,0
2022/06/14,4405,4450,4280,4370,57100,0.99205448354143,0
2022/06/15,4400,4400,4280,4280,37400,0.972727272727273,0
2022/06/16,4410,4455,4355,4380,36200,0.993197278911565,0
2022/06/17,4250,4325,4220,4255,62500,1.00117647058824,0
2022/06/20,4255,4255,4025,4050,72800,0.951821386603995,0
2022/06/21,4070,4200,4050,4125,78100,1.01351351351351,0
2022/06/22,4120,4235,4010,4010,80700,0.973300970873786,0
2022/06/23,4000,4090,3945,4035,42800,1.00875,0
2022/06/24,4010,4135,4010,4085,23600,1.01870324189526,0
2022/06/27,4155,4250,4115,4195,39300,1.00962695547533,0
2022/06/28,4195,4250,4145,4240,38100,1.01072705601907,0
2022/06/29,4200,4205,4100,4185,75900,0.996428571428571,0
2022/06/30,4150,4180,4000,4035,76600,0.972289156626506,0
2022/07/01,4105,4140,4050,4105,77300,1,0
2022/07/04,4195,4225,4165,4210,32500,1.00357568533969,0
2022/07/05,4250,4260,4160,4190,40200,0.985882352941176,0
2022/07/06,4170,4265,4140,4175,38600,1.00119904076739,0
2022/07/07,4140,4155,4050,4105,32600,0.991545893719807,0
2022/07/08,4050,4070,3985,4015,126800,0.991358024691358,0
2022/07/11,4045,4075,4020,4055,58500,1.00247218788628,0
2022/07/12,4035,4050,3970,3980,55300,0.98636926889715,0
2022/07/13,4020,4055,3985,3985,54200,0.991293532338308,0
2022/07/14,4010,4010,3945,3945,58200,0.983790523690773,0
2022/07/15,3905,3935,3865,3915,34700,1.00256081946223,0
2022/07/19,3920,3990,3920,3990,29100,1.01785714285714,0
2022/07/20,4040,4185,4040,4155,57900,1.02846534653465,0
2022/07/21,4150,4270,4100,4265,66700,1.02771084337349,0
2022/07/22,4265,4325,4230,4315,35100,1.01172332942556,0
2022/07/25,4285,4315,4225,4250,32200,0.991831971995333,0
2022/07/26,4245,4285,4205,4240,27000,0.998822143698469,0
2022/07/27,4240,4270,4190,4245,36700,1.00117924528302,0
2022/07/28,4245,4330,4140,4330,245200,1.02002355712603,0
2022/07/29,4335,4390,4290,4300,55600,0.991926182237601,0
2022/08/01,4295,4360,4285,4340,45600,1.0104772991851,0
2022/08/02,4365,4365,4225,4250,55800,0.973654066437572,0
2022/08/03,4285,4330,4270,4325,28500,1.00933488914819,0
2022/08/04,4340,4350,4300,4325,20100,0.996543778801843,0
2022/08/05,4360,4375,4310,4375,25500,1.00344036697248,0
2022/08/08,4345,4380,4270,4335,33100,0.997698504027618,0
2022/08/09,4445,4445,4320,4360,59900,0.980877390326209,0
2022/08/10,4345,4380,4300,4345,42000,1,0
2022/08/12,4455,4485,4410,4455,43400,1,0
2022/08/15,4500,4510,4405,4425,30700,0.983333333333333,0
2022/08/16,4450,4450,4335,4345,50200,0.976404494382022,0
2022/08/17,4365,4400,4340,4360,27200,0.998854524627721,0
2022/08/18,4350,4400,4285,4345,21600,0.998850574712644,0
2022/08/19,4400,4420,4355,4390,18900,0.997727272727273,0
2022/08/22,4355,4420,4355,4375,18800,1.00459242250287,0
2022/08/23,4305,4315,4180,4195,57200,0.974448315911731,0
2022/08/24,4320,4345,4210,4255,46200,0.984953703703704,0
2022/08/25,4230,4265,4135,4160,41300,0.983451536643026,0
2022/08/26,4360,4415,4245,4245,129200,0.973623853211009,0
2022/08/29,4050,4125,4050,4065,67700,1.0037037037037,0
2022/08/30,4070,4110,4060,4095,36400,1.00614250614251,0
2022/08/31,4060,4145,4060,4085,50700,1.00615763546798,0
2022/09/01,4035,4050,3985,4005,54400,0.992565055762082,0
2022/09/02,4040,4065,3965,4055,54700,1.00371287128713,0
2022/09/05,4055,4065,4005,4005,27800,0.98766954377312,0
2022/09/06,4075,4075,3905,3920,88700,0.961963190184049,0
2022/09/07,3905,3905,3790,3880,68000,0.99359795134443,0
2022/09/08,3885,3925,3865,3905,55100,1.00514800514801,0
2022/09/09,3895,3935,3880,3925,36300,1.00770218228498,0
2022/09/12,3925,4015,3905,4005,40800,1.0203821656051,0
2022/09/13,4065,4130,4030,4095,37800,1.00738007380074,0
2022/09/14,3965,4165,3950,4095,81400,1.0327868852459,1
2022/09/15,4135,4180,4090,4175,53700,1.00967351874244,0
2022/09/16,4175,4330,4175,4300,102000,1.02994011976048,0
2022/09/20,4230,4245,4145,4175,62600,0.986997635933806,0
2022/09/21,4130,4180,4100,4175,40300,1.01089588377724,0
2022/09/22,4105,4200,4090,4170,45600,1.01583434835566,0
2022/09/26,4185,4205,4110,4150,80900,0.991636798088411,0
2022/09/27,4150,4185,4120,4120,44200,0.992771084337349,0
2022/09/28,4160,4235,4145,4235,72200,1.01802884615385,0
2022/09/29,4260,4330,4190,4315,84200,1.01291079812207,0
2022/09/30,4355,4450,4295,4440,95200,1.0195177956372,0
2022/10/03,4385,4385,4300,4335,67500,0.988597491448119,0
2022/10/04,4430,4485,4360,4470,31900,1.00902934537246,0
2022/10/05,4500,4520,4455,4455,47600,0.99,0
2022/10/06,4520,4650,4520,4560,57900,1.00884955752212,0
2022/10/07,4475,4495,4370,4370,47700,0.976536312849162,0
2022/10/11,4335,4360,4220,4285,44000,0.988465974625144,0
2022/10/12,4255,4275,4205,4255,29000,1,0
2022/10/13,4215,4230,4140,4145,33700,0.983392645314354,0
2022/10/14,4200,4375,4170,4350,60500,1.03571428571429,1
2022/10/17,4280,4280,4215,4230,27200,0.988317757009346,0
2022/10/18,4300,4325,4255,4305,30600,1.00116279069767,0
2022/10/19,4280,4310,4250,4270,36300,0.997663551401869,0
2022/10/20,4200,4235,4150,4205,39400,1.00119047619048,0
2022/10/21,4160,4225,4150,4155,32300,0.998798076923077,0
2022/10/24,4165,4235,4140,4140,40700,0.993997599039616,0
2022/10/25,4110,4205,4110,4185,52300,1.01824817518248,0
2022/10/26,4215,4245,4110,4110,51500,0.97508896797153,0
2022/10/27,4125,4175,4095,4140,40100,1.00363636363636,0
2022/10/28,4155,4170,4105,4105,125100,0.987966305655836,0
2022/10/31,4110,4230,4110,4230,48100,1.02919708029197,0
2022/11/01,4235,4295,4185,4295,46600,1.01416765053129,0
2022/11/02,4285,4285,4165,4200,67400,0.980163360560093,0
2022/11/04,4140,4140,4050,4100,54500,0.990338164251208,0
2022/11/07,4100,4125,4060,4095,46900,0.998780487804878,0
2022/11/08,4140,4180,4100,4180,27400,1.00966183574879,0
2022/11/09,4250,4295,4190,4265,74500,1.00352941176471,0
2022/11/10,3925,3995,3835,3915,237200,0.997452229299363,0
2022/11/11,4010,4055,3950,4010,99500,1,0
2022/11/14,4045,4070,3990,4000,72200,0.988875154511743,0
2022/11/15,4000,4005,3865,3890,76600,0.9725,0
2022/11/16,3920,3970,3890,3955,48100,1.00892857142857,0
2022/11/17,3975,4010,3955,3990,34100,1.00377358490566,0
2022/11/18,4000,4030,3990,4030,41800,1.0075,0
2022/11/21,4025,4105,3970,3985,40300,0.990062111801242,0
2022/11/22,4020,4105,4020,4080,48900,1.01492537313433,0
2022/11/24,4080,4175,4080,4120,50600,1.00980392156863,0
2022/11/25,4150,4215,4150,4200,36000,1.01204819277108,0
2022/11/28,4215,4240,4165,4190,38200,0.994068801897983,0
2022/11/29,4135,4200,4100,4200,32200,1.01571946795647,0
2022/11/30,4130,4210,4035,4060,99600,0.983050847457627,0
2022/12/01,4080,4080,3985,3985,57600,0.97671568627451,0
2022/12/02,3930,3930,3840,3860,103000,0.982188295165394,0
2022/12/05,3830,3845,3760,3765,91000,0.983028720626632,0
2022/12/06,3750,3795,3720,3740,52400,0.997333333333333,0
2022/12/07,3790,3820,3765,3785,71800,0.99868073878628,0
2022/12/08,3805,3845,3780,3840,54200,1.00919842312746,0
2022/12/09,3805,3860,3805,3840,63800,1.00919842312746,0
2022/12/12,3825,3880,3820,3855,45000,1.0078431372549,0
2022/12/13,3855,3860,3815,3830,46600,0.993514915693904,0
2022/12/14,3850,3890,3835,3870,52400,1.00519480519481,0
2022/12/15,3870,3905,3855,3885,31600,1.00387596899225,0
2022/12/16,3900,3950,3885,3935,105500,1.00897435897436,0
2022/12/19,3930,3975,3880,3900,60100,0.99236641221374,0
2022/12/20,3930,3930,3725,3755,71600,0.955470737913486,0
2022/12/21,3745,3815,3685,3710,95000,0.990654205607477,0
2022/12/22,3710,3745,3695,3745,32100,1.00943396226415,0
2022/12/23,3700,3725,3665,3670,54600,0.991891891891892,0
2022/12/26,3670,3670,3565,3570,64800,0.97275204359673,0
2022/12/27,3610,3625,3590,3625,50000,1.00415512465374,0
2022/12/28,3610,3635,3585,3610,64500,1,0
2022/12/29,3465,3520,3445,3520,62500,1.01587301587302,0
2022/12/30,3560,3560,3475,3480,57700,0.97752808988764,0
2023/01/04,3475,3475,3350,3360,64300,0.966906474820144,0
2023/01/05,3330,3330,3225,3235,93000,0.971471471471472,0
2023/01/06,3210,3315,3210,3315,58800,1.03271028037383,1
2023/01/10,3365,3450,3365,3440,47100,1.0222882615156,0
2023/01/11,3480,3540,3455,3530,48700,1.01436781609195,0
2023/01/12,3550,3580,3495,3495,27900,0.984507042253521,0
2023/01/13,3505,3510,3455,3475,31700,0.991440798858773,0
2023/01/16,3430,3490,3415,3465,28600,1.01020408163265,0
2023/01/17,3535,3545,3485,3500,34900,0.99009900990099,0
2023/01/18,3520,3580,3495,3565,37900,1.01278409090909,0
2023/01/19,3530,3550,3520,3530,17100,1,0
2023/01/20,3515,3580,3505,3575,34900,1.01706970128023,0
2023/01/23,3605,3605,3545,3555,25700,0.986130374479889,0
2023/01/24,3590,3590,3535,3560,46200,0.991643454038997,0
2023/01/25,3550,3575,3535,3565,27100,1.00422535211268,0
2023/01/26,3590,3625,3570,3590,35800,1,0
2023/01/27,3785,4035,3765,3890,332300,1.02774108322325,0
2023/01/30,3865,3900,3755,3820,102100,0.988357050452781,0
2023/01/31,3785,3885,3785,3865,36700,1.02113606340819,0
2023/02/01,3895,3900,3785,3795,31500,0.974326059050064,0
2023/02/02,3810,3860,3780,3800,24500,0.99737532808399,0
2023/02/03,3805,3815,3775,3790,20000,0.996057818659658,0
2023/02/06,3790,3805,3760,3800,22800,1.00263852242744,0
2023/02/07,3790,3810,3760,3770,25600,0.994722955145119,0
2023/02/08,3790,3885,3780,3865,32900,1.0197889182058,0
2023/02/09,3845,3855,3805,3825,70000,0.99479843953186,0
2023/02/10,3755,3825,3755,3820,35800,1.01731025299601,0
2023/02/13,3815,3835,3760,3795,63200,0.99475753604194,0
2023/02/14,4005,4135,3915,3955,284400,0.987515605493134,0
2023/02/15,3935,4010,3920,3995,43600,1.01524777636595,0
2023/02/16,4005,4065,3960,3995,58400,0.997503121098627,0
2023/02/17,3925,3960,3850,3850,66800,0.980891719745223,0
2023/02/20,3855,3970,3840,3895,157600,1.01037613488975,0
2023/02/21,3900,3965,3900,3915,45900,1.00384615384615,0
2023/02/22,3880,3915,3840,3850,36200,0.992268041237113,0
2023/02/24,3905,3970,3885,3930,85000,1.00640204865557,0
2023/02/27,3930,3930,3875,3885,41300,0.988549618320611,0
2023/02/28,3905,3930,3900,3920,37600,1.00384122919334,0
2023/03/01,3920,3965,3900,3945,43100,1.00637755102041,0
2023/03/02,3930,3960,3875,3960,36600,1.00763358778626,0
2023/03/03,3980,4095,3965,4085,63400,1.02638190954774,0
2023/03/06,4110,4125,4030,4055,54700,0.98661800486618,0
2023/03/07,4055,4100,4050,4080,31500,1.00616522811344,0
2023/03/08,4060,4120,4060,4095,30200,1.00862068965517,0
2023/03/09,4125,4180,4085,4145,50700,1.00484848484848,0
2023/03/10,4095,4145,4040,4055,61200,0.99023199023199,0
2023/03/13,3975,3995,3945,3995,63900,1.00503144654088,0
2023/03/14,3930,3930,3810,3870,39500,0.984732824427481,0
2023/03/15,3875,3915,3810,3845,59700,0.992258064516129,0
2023/03/16,3755,3775,3665,3700,71300,0.985352862849534,0
2023/03/17,3750,3830,3730,3810,42200,1.016,0
2023/03/20,3750,3785,3710,3725,26900,0.993333333333333,0
2023/03/22,3790,3850,3765,3830,27700,1.01055408970976,0
2023/03/23,3775,3795,3725,3795,42700,1.00529801324503,0
2023/03/24,3780,3790,3725,3730,36300,0.986772486772487,0
2023/03/27,3785,3850,3785,3815,31700,1.00792602377807,0
2023/03/28,3865,3865,3830,3835,31200,0.992238033635188,0
2023/03/29,3870,3955,3860,3940,35900,1.01808785529716,0
2023/03/30,3960,3985,3930,3980,27300,1.0050505050505,0
2023/03/31,4005,4025,3960,3985,31800,0.995006242197253,0
2023/04/03,4045,4085,4020,4065,42500,1.00494437577256,0
2023/04/04,4065,4115,4045,4100,58900,1.00861008610086,0
2023/04/05,4035,4035,3915,3920,48400,0.971499380421313,0
2023/04/06,3870,3905,3855,3880,28100,1.00258397932817,0
2023/04/07,3860,3920,3860,3905,25500,1.01165803108808,0
2023/04/10,3915,3940,3890,3910,19900,0.998722860791826,0
2023/04/11,3940,4000,3930,3970,23600,1.00761421319797,0
2023/04/12,4000,4035,3955,4005,21300,1.00125,0
2023/04/13,3980,4000,3960,3990,26500,1.00251256281407,0
2023/04/14,3990,4015,3970,4000,30100,1.00250626566416,0
2023/04/17,4000,4050,4000,4035,23800,1.00875,0
2023/04/18,4050,4070,4020,4055,27700,1.00123456790123,0
2023/04/19,4035,4040,3965,4010,39600,0.993804213135068,0
2023/04/20,3975,4010,3940,4000,36300,1.0062893081761,0
2023/04/21,4020,4030,3945,3970,22000,0.987562189054726,0
2023/04/24,3965,4030,3940,4025,20800,1.01513240857503,0
2023/04/25,4030,4060,4020,4020,24300,0.997518610421836,0
2023/04/26,3950,3950,3855,3865,95800,0.978481012658228,0
2023/04/27,3865,3920,3850,3920,41800,1.01423027166882,0
2023/04/28,3970,4060,3965,4060,61100,1.02267002518892,0
2023/05/01,4090,4155,4075,4150,69300,1.01466992665037,0
2023/05/02,4150,4255,4125,4195,63000,1.01084337349398,0
2023/05/08,4210,4290,4210,4260,59400,1.01187648456057,0
2023/05/09,4290,4310,4235,4285,41500,0.998834498834499,0
2023/05/10,4250,4285,4240,4275,26700,1.00588235294118,0
2023/05/11,4235,4250,4180,4215,51200,0.995277449822904,0
2023/05/12,4200,4305,4200,4220,67600,1.0047619047619,0
2023/05/15,4270,4270,4195,4225,40300,0.989461358313817,0
2023/05/16,4230,4230,4145,4145,37600,0.979905437352246,0
2023/05/17,4145,4160,4080,4100,32300,0.989143546441496,0
2023/05/18,4120,4140,4075,4100,56300,0.995145631067961,0
2023/05/19,4115,4130,4070,4085,45500,0.992709599027947,0
2023/05/22,4060,4135,4035,4135,39100,1.01847290640394,0
2023/05/23,4140,4140,4060,4095,37800,0.989130434782609,0
2023/05/24,4070,4110,4060,4090,27900,1.004914004914,0
2023/05/25,4040,4040,4000,4035,48200,0.998762376237624,0
2023/05/26,4005,4055,3990,4025,29500,1.00499375780275,0
2023/05/29,4045,4070,4010,4025,31900,0.995055624227441,0
2023/05/30,4010,4030,3990,4015,33700,1.00124688279302,0
2023/05/31,3985,4040,3975,4025,71900,1.01003764115433,0
2023/06/01,4000,4025,3980,3980,38500,0.995,0
2023/06/02,4005,4100,4005,4100,33100,1.02372034956305,0
2023/06/05,4170,4190,4130,4155,41900,0.996402877697842,0
2023/06/06,4115,4135,4100,4110,27800,0.998784933171324,0
2023/06/07,4155,4165,4110,4145,59400,0.997593261131167,0
2023/06/08,4110,4115,4020,4035,53900,0.981751824817518,0
2023/06/09,4085,4150,4055,4120,59400,1.00856793145655,0
2023/06/12,4135,4160,4125,4150,50800,1.00362756952842,0
2023/06/13,4165,4200,4155,4175,55900,1.00240096038415,0
2023/06/14,4190,4210,4165,4210,52800,1.00477326968974,0
2023/06/15,4345,4425,4295,4300,150600,0.989643268124281,0
2023/06/16,4315,4315,4225,4240,95800,0.982618771726535,0
2023/06/19,4255,4270,4195,4230,80300,0.994124559341951,0
2023/06/20,4230,4270,4190,4270,44700,1.00945626477541,0
2023/06/21,4225,4290,4215,4220,71500,0.998816568047337,0
2023/06/22,4220,4275,4220,4250,46900,1.00710900473934,0
2023/06/23,4290,4300,4170,4200,82100,0.979020979020979,0
2023/06/26,4200,4250,4140,4225,52900,1.00595238095238,0
2023/06/27,4225,4225,4175,4190,41200,0.991715976331361,0
2023/06/28,4245,4260,4205,4245,122600,1,0
2023/06/29,4200,4230,4155,4155,70700,0.989285714285714,0
2023/06/30,4130,4165,4090,4130,68800,1,0
2023/07/03,4160,4205,4160,4185,50500,1.00600961538462,0
2023/07/04,4165,4190,4150,4155,43300,0.997599039615846,0
2023/07/05,4145,4165,4090,4135,31700,0.997587454764777,0
2023/07/06,4135,4235,4130,4170,57100,1.00846432889964,0
2023/07/07,4155,4185,4105,4105,51700,0.987966305655836,0
2023/07/10,4130,4165,4090,4100,49800,0.99273607748184,0
2023/07/11,4145,4165,4115,4125,27800,0.995174909529554,0
2023/07/12,4145,4160,4095,4095,33300,0.987937273823884,0
2023/07/13,4140,4150,4105,4115,23500,0.993961352657005,0
2023/07/14,4140,4160,4115,4135,29100,0.998792270531401,0
2023/07/18,4135,4155,4105,4110,25700,0.993954050785973,0
2023/07/19,4130,4130,4075,4120,34900,0.997578692493947,0
2023/07/20,4135,4135,4075,4080,35300,0.986698911729141,0
2023/07/21,4085,4085,4060,4065,21600,0.995104039167687,0
2023/07/24,4110,4110,4085,4095,21500,0.996350364963504,0
2023/07/25,4095,4115,4085,4100,16900,1.001221001221,0
2023/07/26,4090,4095,4050,4075,27500,0.996332518337408,0
2023/07/27,4050,4085,4015,4075,38100,1.00617283950617,0
2023/07/28,4025,4075,3970,3995,126700,0.992546583850932,0
2023/07/31,4090,4105,4030,4050,63500,0.990220048899755,0
2023/08/01,4070,4105,4055,4075,37000,1.0012285012285,0
2023/08/02,4050,4060,3995,4025,59700,0.993827160493827,0
2023/08/03,3980,3985,3765,3785,239500,0.951005025125628,0
2023/08/04,3780,3795,3735,3765,75900,0.996031746031746,0
2023/08/07,3750,3790,3715,3790,87800,1.01066666666667,0
2023/08/08,3800,3840,3780,3795,77300,0.998684210526316,0
2023/08/09,3830,3880,3820,3880,78800,1.01305483028721,0
2023/08/10,3950,4015,3895,3940,187400,0.99746835443038,0
2023/08/14,3935,3965,3845,3855,70300,0.979669631512071,0
2023/08/15,3850,3855,3795,3795,72400,0.985714285714286,0
2023/08/16,3780,3780,3680,3685,117700,0.974867724867725,0
2023/08/17,3685,3745,3645,3665,66200,0.994572591587517,0
2023/08/18,3620,3745,3620,3745,75600,1.03453038674033,1
2023/08/21,3740,3760,3705,3740,61800,1,0
2023/08/22,3770,3800,3725,3785,34700,1.00397877984085,0
2023/08/23,3800,3850,3770,3845,33700,1.01184210526316,0
2023/08/24,3825,3865,3820,3850,39700,1.00653594771242,0
2023/08/25,3810,3820,3780,3795,33500,0.996062992125984,0
2023/08/28,3865,3885,3840,3865,33700,1,0
2023/08/29,3880,3895,3850,3865,37300,0.996134020618557,0
2023/08/30,3900,3910,3870,3890,44700,0.997435897435897,0
2023/08/31,3880,3920,3875,3900,31500,1.00515463917526,0
2023/09/01,3900,3915,3885,3905,27300,1.00128205128205,0
2023/09/04,3950,4020,3945,3980,55200,1.00759493670886,0
2023/09/05,3980,4020,3980,4015,28900,1.00879396984925,0
2023/09/06,4030,4040,3985,3985,27400,0.988833746898263,0
2023/09/07,3935,3985,3910,3930,41200,0.998729351969504,0
2023/09/08,3880,3910,3800,3810,103500,0.981958762886598,0
2023/09/11,3855,3860,3800,3820,35100,0.990920881971466,0
2023/09/12,3830,3870,3830,3850,26000,1.00522193211488,0
2023/09/13,3860,3875,3830,3840,27700,0.994818652849741,0
2023/09/14,3830,3890,3830,3880,29000,1.01305483028721,0
2023/09/15,3920,3980,3910,3960,54200,1.01020408163265,0
2023/09/19,3990,4040,3965,4030,61800,1.01002506265664,0
2023/09/20,4055,4140,4055,4120,138000,1.01602959309494,0
2023/09/21,4110,4185,4110,4155,96900,1.01094890510949,0
2023/09/22,4135,4270,4135,4235,145000,1.02418379685611,0
2023/09/25,4255,4265,4165,4170,61800,0.980023501762632,0
2023/09/26,4170,4220,4135,4185,47700,1.00359712230216,0
2023/09/27,4165,4215,4140,4205,39400,1.00960384153661,0
2023/09/28,4155,4195,4130,4160,39700,1.00120336943442,0
2023/09/29,4140,4140,4090,4100,38800,0.990338164251208,0
2023/10/02,4130,4195,4120,4130,47400,1,0
2023/10/03,4105,4120,3990,4015,64900,0.978075517661389,0
2023/10/04,3975,4030,3950,3990,57500,1.00377358490566,0
2023/10/05,3990,4090,3990,4090,41000,1.0250626566416,0
2023/10/06,4130,4135,4080,4095,28400,0.991525423728814,0
2023/10/10,4160,4220,4155,4205,36100,1.01081730769231,0
2023/10/11,4215,4220,4115,4130,53000,0.979833926453143,0
2023/10/12,4170,4250,4130,4250,41300,1.01918465227818,0
2023/10/13,4185,4205,4150,4175,39500,0.997610513739546,0
2023/10/16,4160,4180,4125,4135,34200,0.993990384615385,0
2023/10/17,4195,4210,4165,4175,17100,0.99523241954708,0
2023/10/18,4175,4210,4165,4205,27700,1.00718562874251,0
2023/10/19,4140,4190,4140,4165,21600,1.006038647343,0
2023/10/20,4190,4200,4150,4185,21700,0.998806682577566,0
2023/10/23,4170,4195,4140,4165,36100,0.998800959232614,0
2023/10/24,4175,4200,4085,4195,37400,1.00479041916168,0
2023/10/25,4195,4275,4185,4230,48200,1.00834326579261,0
2023/10/26,4235,4270,4195,4250,37700,1.00354191263282,0
2023/10/27,4275,4340,4270,4300,75300,1.00584795321637,0
2023/10/30,4300,4315,4255,4300,48400,1,0
2023/10/31,4300,4335,4215,4330,68600,1.00697674418605,0
2023/11/01,4370,4425,4355,4385,76900,1.00343249427918,0
2023/11/02,4390,4390,4315,4370,32100,0.995444191343964,0
2023/11/06,4395,4395,4320,4355,71500,0.990898748577929,0
2023/11/07,4350,4350,4270,4270,59100,0.981609195402299,0
2023/11/08,4310,4310,4150,4190,90900,0.97215777262181,0
2023/11/09,4680,4890,4680,4890,426000,1.04487179487179,1
2023/11/10,5000,5120,4690,4760,459000,0.952,0
2023/11/13,4790,4855,4645,4660,118600,0.97286012526096,0
2023/11/14,4685,4700,4565,4590,99200,0.979722518676628,0
2023/11/15,4595,4725,4595,4715,93800,1.02611534276387,0
2023/11/16,4700,4720,4595,4610,86300,0.980851063829787,0
2023/11/17,4645,4660,4495,4580,119200,0.986006458557589,0
2023/11/20,4560,4570,4430,4430,100700,0.971491228070175,0
2023/11/21,4410,4555,4375,4550,91600,1.03174603174603,1
2023/11/22,4550,4630,4525,4605,50300,1.01208791208791,0
2023/11/24,4645,4670,4570,4640,61000,0.998923573735199,0
2023/11/27,4660,4680,4470,4475,56800,0.960300429184549,0
2023/11/28,4460,4540,4460,4520,63800,1.01345291479821,0
2023/11/29,4470,4550,4470,4490,46100,1.00447427293065,0
2023/11/30,4490,4555,4490,4540,80400,1.01113585746102,0
2023/12/01,4590,4615,4440,4450,104800,0.969498910675381,0
2023/12/04,4400,4400,4320,4335,123200,0.985227272727273,0
2023/12/05,4315,4345,4265,4270,78500,0.989571263035921,0
2023/12/06,4260,4330,4235,4315,69900,1.01291079812207,0
2023/12/07,4295,4330,4230,4230,79300,0.984866123399301,0
2023/12/08,4160,4235,4110,4220,108500,1.01442307692308,0
2023/12/11,4250,4300,4235,4295,42500,1.01058823529412,0
2023/12/12,4325,4330,4285,4300,33100,0.994219653179191,0
2023/12/13,4325,4335,4265,4300,42200,0.994219653179191,0
2023/12/14,4300,4335,4235,4300,71400,1,0
2023/12/15,4325,4330,4290,4325,49600,1,0
2023/12/18,4285,4340,4265,4320,36200,1.00816802800467,0
2023/12/19,4350,4365,4295,4365,36200,1.00344827586207,0
2023/12/20,4400,4430,4355,4365,42100,0.992045454545455,0
2023/12/21,4410,4520,4405,4470,108400,1.01360544217687,0
2023/12/22,4500,4575,4480,4560,81000,1.01333333333333,0
2023/12/25,4580,4585,4505,4540,47200,0.991266375545852,0
2023/12/26,4510,4590,4505,4540,50900,1.00665188470067,0
2023/12/27,4515,4555,4475,4540,64000,1.00553709856035,0
2023/12/28,4390,4435,4385,4395,52600,1.00113895216401,0
2023/12/29,4440,4460,4370,4405,37400,0.992117117117117,0
2024/01/04,4370,4430,4305,4430,59400,1.0137299771167,0
2024/01/05,4390,4435,4340,4425,119700,1.00797266514806,0
2024/01/09,4440,4570,4440,4570,75600,1.02927927927928,0
2024/01/10,4580,4700,4545,4685,91900,1.02292576419214,0
2024/01/11,4765,4780,4675,4750,68400,0.996852046169989,0
2024/01/12,4800,4865,4765,4830,67000,1.00625,0
2024/01/15,4850,4870,4755,4865,47000,1.00309278350515,0
2024/01/16,4880,4880,4805,4805,36700,0.984631147540984,0
2024/01/17,4865,4875,4820,4820,56500,0.990750256937307,0
2024/01/18,4820,4830,4740,4770,41900,0.989626556016598,0
2024/01/19,4775,4810,4720,4780,47600,1.00104712041885,0
2024/01/22,4810,4875,4800,4855,32400,1.00935550935551,0
2024/01/23,4880,4900,4835,4850,44700,0.993852459016393,0
2024/01/24,4805,4860,4780,4860,46700,1.01144640998959,0
2024/01/25,4860,4960,4860,4940,65300,1.01646090534979,0
2024/01/26,4940,5020,4910,4930,95200,0.997975708502024,0
2024/01/29,4930,5010,4930,4950,30700,1.00405679513185,0
2024/01/30,4965,4970,4900,4905,33600,0.987915407854985,0
2024/01/31,4835,4945,4760,4930,69200,1.01964839710445,0
2024/02/01,4870,4935,4860,4895,36500,1.00513347022587,0
2024/02/02,4825,4930,4810,4925,52200,1.02072538860104,0
2024/02/05,4925,5030,4915,4985,38800,1.01218274111675,0
2024/02/06,4915,4950,4865,4870,38700,0.990844354018311,0
2024/02/07,4840,4920,4800,4830,60300,0.997933884297521,0
2024/02/08,4820,4860,4725,4815,70100,0.99896265560166,0
2024/02/09,4835,4875,4725,4740,61700,0.980351602895553,0
2024/02/13,4880,4995,4815,4950,93900,1.01434426229508,0
2024/02/14,4910,4960,4845,4885,97800,0.994908350305499,0
2024/02/15,4595,4785,4440,4775,295300,1.03917301414581,1
2024/02/16,4760,4810,4620,4775,173400,1.0031512605042,0
2024/02/19,4840,4850,4740,4810,61300,0.993801652892562,0
2024/02/20,4855,4935,4805,4905,63000,1.01029866117405,0
2024/02/21,4910,4910,4860,4895,32700,0.996945010183299,0
2024/02/22,4950,4970,4870,4880,43800,0.985858585858586,0
2024/02/26,4810,4850,4695,4695,85000,0.976091476091476,0
2024/02/27,4705,4840,4700,4755,59600,1.01062699256111,0
2024/02/28,4685,4715,4560,4600,101700,0.981856990394877,0
2024/02/29,4530,4585,4475,4545,170000,1.00331125827815,0
2024/03/01,4515,4575,4495,4570,86200,1.01218161683278,0
2024/03/04,4545,4555,4475,4490,77400,0.987898789878988,0
2024/03/05,4495,4545,4440,4525,53400,1.00667408231368,0
2024/03/06,4525,4585,4510,4530,64000,1.00110497237569,0
2024/03/07,4565,4605,4545,4580,83100,1.00328587075575,0
2024/03/08,4525,4645,4515,4570,90700,1.00994475138122,0
2024/03/11,4555,4670,4555,4665,87400,1.02414928649835,0
2024/03/12,4645,4700,4555,4685,42100,1.00861141011841,0
2024/03/13,4690,4710,4605,4655,50300,0.992537313432836,0
2024/03/14,4700,4835,4670,4765,79200,1.01382978723404,0
2024/03/15,4765,4780,4630,4715,62100,0.989506820566632,0
2024/03/18,4815,4865,4815,4835,46300,1.00415368639668,0
2024/03/19,4830,4955,4825,4940,61600,1.02277432712215,0
2024/03/21,4890,4905,4835,4835,69900,0.988752556237219,0
2024/03/22,4820,4820,4695,4700,77100,0.975103734439834,0
2024/03/25,4635,4670,4605,4620,87300,0.996763754045307,0
2024/03/26,4620,4720,4610,4665,88800,1.00974025974026,0
2024/03/27,4620,4715,4615,4685,88000,1.01406926406926,0
2024/03/28,4685,4705,4575,4600,68600,0.981856990394877,0
2024/03/29,4595,4655,4555,4560,82200,0.992383025027203,0
2024/04/01,4590,4605,4505,4540,46500,0.989106753812636,0
2024/04/02,4540,4540,4430,4460,71800,0.982378854625551,0
2024/04/03,4435,4475,4415,4430,52400,0.998872604284104,0
2024/04/04,4485,4485,4420,4440,46400,0.989966555183946,0
2024/04/05,4420,4445,4390,4415,36400,0.998868778280543,0
2024/04/08,4425,4475,4415,4440,28600,1.00338983050847,0
2024/04/09,4440,4465,4420,4440,27400,1,0
2024/04/10,4440,4460,4400,4415,40500,0.994369369369369,0
2024/04/11,4390,4425,4345,4380,101500,0.997722095671982,0
2024/04/12,4440,4465,4425,4445,72100,1.00112612612613,0
2024/04/15,4400,4400,4320,4340,55000,0.986363636363636,0
2024/04/16,4320,4365,4295,4325,62100,1.00115740740741,0
2024/04/17,4315,4330,4285,4300,43500,0.996523754345307,0
2024/04/18,4300,4430,4300,4370,91300,1.01627906976744,0
2024/04/19,4315,4350,4270,4270,52800,0.989571263035921,0
2024/04/22,4270,4380,4270,4360,45500,1.02107728337237,0
2024/04/23,4360,4395,4335,4345,39700,0.996559633027523,0
2024/04/24,4340,4350,4300,4310,43100,0.993087557603687,0
2024/04/25,4295,4310,4215,4235,71700,0.986030267753201,0
2024/04/26,4255,4275,4205,4270,62200,1.00352526439483,0
2024/04/30,4270,4335,4230,4285,129000,1.00351288056206,0
2024/05/01,4270,4320,4255,4310,71200,1.00936768149883,0
2024/05/02,4315,4315,4250,4275,32200,0.990730011587486,0
2024/05/07,4305,4360,4300,4325,51600,1.00464576074332,0
2024/05/08,4315,4345,4235,4250,94800,0.984936268829664,0
2024/05/09,4370,4510,4330,4470,256000,1.02288329519451,0
2024/05/10,4300,4390,4210,4345,168500,1.01046511627907,0
2024/05/13,4375,4380,4290,4295,52000,0.981714285714286,0
2024/05/14,4295,4360,4260,4355,61200,1.0139697322468,0
2024/05/15,4285,4350,4235,4240,53300,0.989498249708285,0
2024/05/16,4200,4225,4145,4200,64900,1,0
2024/05/17,4080,4125,4050,4055,115800,0.993872549019608,0
2024/05/20,4010,4150,4010,4135,71000,1.03117206982544,1
2024/05/21,4125,4185,4105,4175,77800,1.01212121212121,0
2024/05/22,4125,4170,4105,4105,47400,0.995151515151515,0
2024/05/23,4060,4135,4060,4080,25700,1.00492610837438,0
2024/05/24,4065,4080,4040,4045,33700,0.995079950799508,0
2024/05/27,4045,4045,4000,4030,38500,0.996291718170581,0
2024/05/28,4030,4030,3960,3970,80400,0.985111662531017,0
2024/05/29,3975,4020,3975,4000,42800,1.0062893081761,0
2024/05/30,3970,3990,3925,3980,45000,1.00251889168766,0
2024/05/31,4000,4040,3995,4025,57000,1.00625,0
2024/06/03,4050,4110,4050,4090,39300,1.00987654320988,0
2024/06/04,4095,4160,4090,4160,31200,1.01587301587302,0
2024/06/05,4180,4220,4155,4195,49900,1.00358851674641,0
2024/06/06,4225,4240,4155,4170,55700,0.98698224852071,0
2024/06/07,4210,4220,4145,4165,56000,0.989311163895487,0
2024/06/10,4135,4135,4065,4090,57300,0.989117291414752,0
2024/06/11,4130,4140,4080,4100,39700,0.99273607748184,0
2024/06/12,4035,4075,4035,4060,36400,1.00619578686493,0
2024/06/13,4050,4060,3985,4005,48200,0.988888888888889,0
2024/06/14,3970,4055,3960,4045,48800,1.01889168765743,0
2024/06/17,4060,4105,4040,4085,42000,1.00615763546798,0
2024/06/18,4140,4160,4120,4125,24200,0.996376811594203,0
2024/06/19,4140,4175,4135,4140,20700,1,0
2024/06/20,4150,4180,4105,4140,38600,0.997590361445783,0
2024/06/21,4140,4180,4075,4090,45200,0.98792270531401,0
2024/06/24,4140,4150,4105,4125,32400,0.996376811594203,0
2024/06/25,4170,4200,4160,4175,39200,1.00119904076739,0
2024/06/26,4160,4175,4100,4155,106500,0.998798076923077,0
2024/06/27,4050,4075,4015,4040,70700,0.997530864197531,0
2024/06/28,4040,4070,4035,4045,20700,1.00123762376238,0
2024/07/01,4040,4060,3995,4035,49300,0.998762376237624,0
2024/07/02,4030,4075,4030,4050,28100,1.00496277915633,0
2024/07/03,4050,4100,4050,4090,23500,1.00987654320988,0
2024/07/04,4100,4100,4050,4050,30900,0.98780487804878,0
2024/07/05,4050,4070,3995,4000,37200,0.987654320987654,0
2024/07/08,4025,4025,3955,3960,38400,0.983850931677019,0
2024/07/09,3970,4005,3970,3990,28900,1.00503778337531,0
2024/07/10,3990,3990,3910,3930,54600,0.984962406015038,0
2024/07/11,3945,3990,3945,3985,31300,1.01013941698352,0
2024/07/12,3965,4015,3950,4000,32400,1.00882723833544,0
2024/07/16,4025,4045,3980,3980,34000,0.988819875776398,0
2024/07/17,3990,4020,3970,3970,19700,0.994987468671679,0
2024/07/18,3970,3970,3900,3900,99400,0.982367758186398,0
2024/07/19,3920,3945,3895,3945,35600,1.00637755102041,0
2024/07/22,3925,3925,3880,3880,49500,0.988535031847134,0
2024/07/23,3880,3900,3850,3875,47700,0.998711340206186,0
2024/07/24,3850,3855,3815,3820,55800,0.992207792207792,0
2024/07/25,3815,3840,3800,3820,39700,1.00131061598952,0
2024/07/26,3850,3860,3825,3840,26100,0.997402597402597,0
2024/07/29,3845,3905,3845,3865,50300,1.00520156046814,0
2024/07/30,3845,3845,3785,3815,48400,0.992197659297789,0
2024/07/31,3850,3915,3830,3910,43700,1.01558441558442,0
2024/08/01,3840,3860,3760,3780,56800,0.984375,0
2024/08/02,3665,3690,3605,3605,84400,0.983628922237381,0
2024/08/05,3480,3490,3200,3240,91600,0.931034482758621,0
2024/08/06,3310,3535,3310,3470,88700,1.04833836858006,1
2024/08/07,3400,3560,3385,3465,76500,1.01911764705882,0
2024/08/08,3450,3675,3320,3625,143000,1.05072463768116,1
2024/08/09,3695,3695,3560,3590,76800,0.971583220568336,0
2024/08/13,3630,3710,3630,3680,56800,1.0137741046832,0
2024/08/14,3675,3725,3660,3680,40100,1.00136054421769,0
2024/08/15,3685,3695,3645,3680,42300,0.998643147896879,0
2024/08/16,3735,3745,3705,3730,49400,0.998661311914324,0
2024/08/19,3755,3755,3690,3700,38100,0.985352862849534,0
2024/08/20,3755,3815,3715,3805,80900,1.0133155792277,0
2024/08/21,3770,3795,3750,3755,30800,0.996021220159151,0
2024/08/22,3755,3790,3745,3770,19500,1.00399467376831,0
2024/08/23,3780,3785,3735,3735,32500,0.988095238095238,0
2024/08/26,3735,3795,3725,3790,33300,1.01472556894244,0
2024/08/27,3790,3840,3775,3800,31200,1.00263852242744,0
2024/08/28,3810,3820,3760,3800,24800,0.99737532808399,0
2024/08/29,3800,3845,3755,3810,148100,1.00263157894737,0
2024/08/30,3830,3830,3760,3775,46600,0.985639686684073,0
2024/09/02,3800,3815,3755,3800,57800,1,0
2024/09/03,3845,3875,3825,3865,55300,1.00520156046814,0
2024/09/04,3800,3880,3795,3835,62900,1.00921052631579,0
2024/09/05,3815,3910,3805,3870,54800,1.01441677588467,0
2024/09/06,3900,3915,3840,3880,32600,0.994871794871795,0
2024/09/09,3815,3830,3770,3790,35800,0.993446920052425,0
2024/09/10,3790,3805,3700,3705,40700,0.977572559366755,0
2024/09/11,3725,3735,3660,3660,64400,0.98255033557047,0
2024/09/12,3695,3745,3670,3720,34100,1.00676589986468,0
2024/09/13,3700,3705,3660,3665,33400,0.990540540540541,0
2024/09/17,3710,3710,3610,3650,35900,0.983827493261456,0
2024/09/18,3710,3710,3640,3670,24800,0.98921832884097,0
2024/09/19,3690,3750,3685,3700,28700,1.00271002710027,0
2024/09/20,3760,3800,3730,3740,39000,0.99468085106383,0
2024/09/24,3800,3820,3775,3815,20600,1.00394736842105,0
2024/09/25,3825,3825,3765,3800,28100,0.993464052287582,0
2024/09/26,3850,3895,3810,3885,53700,1.00909090909091,0
2024/09/27,3885,3895,3840,3865,27500,0.994851994851995,0
2024/09/30,3795,3795,3715,3745,55100,0.986824769433465,0
2024/10/01,3705,3715,3650,3705,61200,1,0
2024/10/02,3700,3720,3665,3680,37900,0.994594594594595,0
2024/10/03,3705,3755,3700,3755,42400,1.01349527665317,0
2024/10/04,3755,3800,3750,3775,29800,1.00532623169108,0
2024/10/07,3845,3860,3815,3860,34100,1.00390117035111,0
2024/10/08,3810,3835,3810,3825,17100,1.00393700787402,0
2024/10/09,3880,3880,3830,3845,18100,0.990979381443299,0
2024/10/10,3875,3875,3840,3855,20500,0.994838709677419,0
2024/10/11,3850,3855,3815,3815,24100,0.990909090909091,0
2024/10/15,3875,3890,3865,3875,30400,1,0
2024/10/16,3850,3915,3840,3905,58100,1.01428571428571,0
2024/10/17,3905,3920,3890,3900,38500,0.998719590268886,0
2024/10/18,3910,3935,3895,3925,29300,1.00383631713555,0
2024/10/21,3945,3955,3895,3940,34600,0.99873257287706,0
2024/10/22,3945,3960,3875,3910,69300,0.991128010139417,0
2024/10/23,3890,3920,3860,3865,37800,0.993573264781491,0
2024/10/24,3860,3895,3815,3830,33100,0.992227979274611,0
2024/10/25,3875,3880,3800,3820,35900,0.985806451612903,0
2024/10/28,3820,3880,3815,3850,33800,1.00785340314136,0
2024/10/29,3895,3900,3830,3880,19800,0.99614890885751,0
2024/10/30,3880,3915,3865,3885,80400,1.00128865979381,0
2024/10/31,3900,3945,3885,3920,31300,1.00512820512821,0
2024/11/01,3905,3915,3845,3865,42000,0.989756722151088,0
2024/11/05,3835,3920,3835,3905,51900,1.01825293350717,0
2024/11/06,3910,3915,3850,3850,57700,0.9846547314578,0
2024/11/07,3900,3975,3885,3915,127200,1.00384615384615,0
2024/11/08,3865,3950,3810,3815,101800,0.987063389391979,0
2024/11/11,3830,4000,3825,3990,84400,1.04177545691906,1
2024/11/12,4000,4005,3880,3880,50900,0.97,0
2024/11/13,3935,3935,3880,3890,30900,0.98856416772554,0
2024/11/14,3935,3970,3895,3940,25500,1.0012706480305,0
2024/11/15,3970,3970,3890,3905,26400,0.983627204030227,0
2024/11/18,3905,3955,3900,3920,28900,1.00384122919334,0
2024/11/19,3925,4040,3925,4010,40900,1.02165605095541,0
2024/11/20,4010,4035,3960,3995,37300,0.996259351620948,0
2024/11/21,4020,4040,3930,3935,56300,0.978855721393035,0
2024/11/22,3960,3995,3930,3970,33200,1.00252525252525,0
2024/11/25,4015,4015,3925,3940,64300,0.981320049813201,0
2024/11/26,3945,3975,3905,3945,27600,1,0
2024/11/27,3945,3950,3835,3835,42800,0.97211660329531,0
2024/11/28,3830,3895,3820,3820,27600,0.997389033942559,0
2024/11/29,3820,3830,3800,3815,30900,0.99869109947644,0
2024/12/02,3805,3845,3800,3810,36000,1.00131406044678,0
2024/12/03,3820,3910,3820,3855,40000,1.00916230366492,0
2024/12/04,3895,3895,3825,3825,31400,0.982028241335045,0
2024/12/05,3830,3865,3830,3855,14100,1.0065274151436,0
2024/12/06,3875,3980,3875,3965,32200,1.02322580645161,0
2024/12/09,4000,4110,3970,3970,76500,0.9925,0
2024/12/10,4015,4095,4015,4095,56600,1.01992528019925,0
2024/12/11,4035,4120,4035,4100,53400,1.01610904584882,0
2024/12/12,4100,4100,4025,4065,48300,0.991463414634146,0
2024/12/13,4025,4110,4020,4040,58000,1.00372670807453,0
2024/12/16,4040,4055,4000,4005,56600,0.991336633663366,0
2024/12/17,4045,4050,3970,3980,55000,0.983930778739184,0
2024/12/18,4040,4040,3945,3960,42000,0.98019801980198,0
2024/12/19,3920,3940,3875,3880,48400,0.989795918367347,0
2024/12/20,3905,3940,3865,3870,79300,0.991037131882202,0
2024/12/23,3900,3925,3875,3890,57700,0.997435897435897,0
2024/12/24,3890,3945,3880,3940,30700,1.01285347043702,0
2024/12/25,3955,3955,3915,3945,29800,0.997471554993679,0
2024/12/26,3940,3985,3905,3965,70500,1.00634517766497,0
2024/12/27,3900,3940,3885,3930,44500,1.00769230769231,0
2024/12/30,3930,3950,3900,3920,52600,0.997455470737914,0
2025/01/06,3870,3880,3740,3745,88300,0.967700258397933,0
2025/01/07,3785,3825,3740,3820,51600,1.00924702774108,0
2025/01/08,3815,3825,3745,3795,48000,0.99475753604194,0
2025/01/09,3775,3785,3740,3765,27600,0.997350993377483,0
2025/01/10,3780,3790,3740,3755,16900,0.993386243386243,0
2025/01/14,3740,3755,3675,3685,60600,0.985294117647059,0
2025/01/15,3685,3715,3650,3655,19500,0.991858887381275,0
2025/01/16,3690,3695,3600,3600,39600,0.975609756097561,0
2025/01/17,3615,3645,3565,3585,42700,0.991701244813278,0
2025/01/20,3555,3645,3555,3640,35700,1.0239099859353,0
2025/01/21,3655,3755,3655,3750,43500,1.02599179206566,0
2025/01/22,3755,3765,3725,3735,33800,0.994673768308921,0
2025/01/23,3715,3765,3675,3690,67700,0.993270524899058,0
2025/01/24,3745,3820,3700,3795,41500,1.01335113484646,0
2025/01/27,3820,3845,3795,3835,30400,1.00392670157068,0
2025/01/28,3850,3970,3850,3930,97600,1.02077922077922,0
2025/01/29,3925,3955,3915,3925,44400,1,0
2025/01/30,3910,3970,3875,3960,45700,1.01278772378517,0
2025/01/31,3925,3960,3915,3960,45500,1.00891719745223,0
2025/02/03,3915,3945,3770,3775,44600,0.964240102171137,0
2025/02/04,3820,3830,3740,3740,34200,0.979057591623037,0
2025/02/05,3735,3760,3725,3725,23100,0.997322623828648,0
2025/02/06,3725,3825,3725,3810,26600,1.02281879194631,0
2025/02/07,3775,3825,3770,3770,22200,0.998675496688742,0
2025/02/10,3765,3770,3745,3750,15300,0.99601593625498,0
2025/02/12,3785,3785,3710,3740,29700,0.988110964332893,0
2025/02/13,3740,3925,3730,3895,62100,1.04144385026738,1
2025/02/14,3895,3960,3850,3895,62300,1,0
2025/02/17,3900,4030,3900,3960,72800,1.01538461538462,0
2025/02/18,3930,3940,3860,3930,32400,1,0
2025/02/19,3885,3885,3805,3820,41200,0.983268983268983,0
2025/02/20,3780,3785,3685,3695,74000,0.977513227513228,0
2025/02/21,3685,3735,3680,3695,46000,1.00271370420624,0
2025/02/25,3700,3720,3665,3695,67900,0.998648648648649,0
2025/02/26,3665,3710,3660,3675,26200,1.00272851296044,0
2025/02/27,3745,3795,3715,3790,36000,1.01201602136182,0
2025/02/28,3800,3835,3755,3805,46600,1.00131578947368,0
2025/03/03,3815,3840,3770,3805,69600,0.99737876802097,0
2025/03/04,3725,3860,3725,3835,56500,1.02953020134228,0
2025/03/05,3805,3900,3795,3880,55400,1.01971090670171,0
2025/03/06,3860,3900,3815,3890,39500,1.00777202072539,0
2025/03/07,3890,3945,3825,3940,59800,1.01285347043702,0
2025/03/10,3880,3965,3825,3930,59200,1.01288659793814,0
2025/03/11,3895,3975,3850,3915,77300,1.00513478818999,0
2025/03/12,3875,3925,3855,3860,58500,0.996129032258064,0
2025/03/13,3925,3980,3880,3900,64100,0.993630573248408,0
2025/03/14,3855,3880,3785,3795,67500,0.98443579766537,0
2025/03/17,3795,3855,3785,3840,45600,1.01185770750988,0
2025/03/18,3800,3850,3785,3795,60000,0.998684210526316,0
2025/03/19,3830,3875,3810,3850,52800,1.00522193211488,0
2025/03/21,3840,3895,3835,3880,44100,1.01041666666667,0
2025/03/24,3870,3910,3845,3850,48900,0.994832041343669,0
2025/03/25,3855,3905,3815,3885,76000,1.00778210116732,0
2025/03/26,3890,3895,3850,3895,53800,1.0012853470437,0
2025/03/27,3845,3905,3845,3900,58200,1.01430429128739,0
2025/03/28,3860,3875,3830,3840,42700,0.994818652849741,0
2025/03/31,3770,3820,3735,3765,81900,0.99867374005305,0
2025/04/01,3770,3785,3655,3655,94600,0.969496021220159,0
2025/04/02,3630,3665,3625,3655,58000,1.0068870523416,0
2025/04/03,3480,3535,3450,3480,151500,1,0
2025/04/04,3340,3360,3140,3180,160200,0.952095808383233,0
2025/04/07,2880,2990,2844,2846,153900,0.988194444444444,0
2025/04/08,2946,3070,2942,3015,171500,1.0234215885947,0
2025/04/09,2902,2906,2835,2849,198100,0.981736733287388,0
2025/04/10,3120,3130,3045,3050,185000,0.977564102564103,0
2025/04/11,2921,3025,2908,3015,116700,1.03218076001369,1
2025/04/14,3055,3095,3040,3040,65600,0.995090016366612,0
2025/04/15,3110,3125,3080,3090,60400,0.993569131832797,0
2025/04/16,3080,3085,3005,3025,108100,0.982142857142857,0
2025/04/17,3055,3085,3040,3070,48300,1.00490998363339,0
2025/04/18,3090,3115,3085,3105,32800,1.00485436893204,0
2025/04/21,3110,3130,3060,3065,46000,0.985530546623794,0
2025/04/22,3070,3085,3045,3065,46700,0.998371335504886,0
2025/04/23,3135,3140,3100,3100,43300,0.988835725677831,0
2025/04/24,3165,3210,3155,3170,63800,1.00157977883096,0
2025/04/25,3210,3210,3165,3175,69500,0.989096573208723,0
2025/04/28,3180,3225,3180,3200,48300,1.0062893081761,0
2025/04/30,3180,3185,3135,3165,104100,0.995283018867924,0
2025/05/01,3165,3210,3140,3210,76800,1.01421800947867,0
2025/05/02,3240,3335,3210,3295,124300,1.01697530864198,0
2025/05/07,3270,3350,3250,3305,111100,1.01070336391437,0
2025/05/08,3310,3325,3265,3295,69600,0.995468277945619,0
2025/05/09,3305,3315,3275,3285,48200,0.993948562783661,0
2025/05/12,3300,3315,3260,3295,57900,0.998484848484849,0
2025/05/13,3345,3370,3265,3290,147500,0.98355754857997,0
2025/05/14,3270,3290,3190,3255,93300,0.995412844036697,0
2025/05/15,3200,3210,3170,3195,81800,0.9984375,0
2025/05/16,3185,3210,3160,3190,106800,1.00156985871272,0
2025/05/19,3160,3200,3155,3190,91400,1.00949367088608,0
2025/05/20,3250,3315,3225,3285,130500,1.01076923076923,0
2025/05/21,3350,3350,3275,3285,103700,0.980597014925373,0
2025/05/22,3260,3280,3225,3225,50300,0.989263803680982,0
2025/05/23,3245,3250,3205,3220,67400,0.992295839753467,0
2025/05/26,3225,3230,3205,3220,60200,0.998449612403101,0
2025/05/27,3225,3270,3210,3255,51200,1.0093023255814,0
2025/05/28,3275,3295,3270,3270,31800,0.998473282442748,0
2025/05/29,3290,3370,3285,3350,202800,1.01823708206687,0
2025/05/30,3330,3400,3330,3370,101000,1.01201201201201,0
2025/06/02,3370,3375,3320,3340,79900,0.991097922848665,0
2025/06/03,3355,3370,3330,3355,68800,1,0
2025/06/04,3400,3415,3370,3375,65900,0.992647058823529,0
2025/06/05,3365,3385,3340,3340,73200,0.992570579494799,0
2025/06/06,3355,3370,3310,3330,111900,0.992548435171386,0
2025/06/09,3345,3350,3310,3325,69800,0.994020926756353,0
2025/06/10,3335,3345,3305,3320,83500,0.995502248875562,0
2025/06/11,3325,3345,3315,3335,108100,1.00300751879699,0
2025/06/12,3315,3330,3265,3285,111300,0.990950226244344,0
2025/06/13,3250,3285,3185,3195,160100,0.983076923076923,0
2025/06/16,3185,3205,3165,3180,121300,0.998430141287284,0
2025/06/17,3185,3195,3160,3180,107300,0.998430141287284,0
2025/06/18,3160,3185,3145,3175,150600,1.00474683544304,0
2025/06/19,3185,3190,3150,3165,107200,0.993720565149137,0
2025/06/20,3160,3175,3140,3140,150200,0.993670886075949,0
2025/06/23,3140,3155,3110,3150,154200,1.0031847133758,0
2025/06/24,3195,3210,3155,3165,150700,0.990610328638498,0
2025/06/25,3175,3220,3170,3215,94100,1.01259842519685,0
2025/06/26,3190,3210,3175,3200,200300,1.00313479623824,0
2025/06/27,3130,3175,3120,3160,164200,1.00958466453674,0
2025/06/30,3195,3195,3150,3165,121100,0.990610328638498,0
2025/07/01,3155,3170,3095,3105,125000,0.984152139461173,0
2025/07/02,3095,3145,3095,3110,97900,1.0048465266559,0
2025/07/03,3110,3150,3100,3130,57800,1.0064308681672,0
2025/07/04,3150,3150,3090,3090,51200,0.980952380952381,0
2025/07/07,3100,3105,3040,3040,89800,0.980645161290323,0
2025/07/08,3045,3060,3030,3050,114000,1.00164203612479,0
2025/07/09,3065,3100,3060,3065,91700,1,0
2025/07/10,3075,3095,3015,3015,132000,0.980487804878049,0
2025/07/11,3030,3065,3030,3050,60500,1.00660066006601,0
2025/07/14,3050,3065,3015,3020,70500,0.99016393442623,0
2025/07/15,3040,3045,3015,3015,56500,0.991776315789474,0
2025/07/16,3020,3040,3015,3015,81300,0.998344370860927,0
2025/07/17,3020,3035,3000,3035,94000,1.00496688741722,0
2025/07/18,3060,3075,3050,3055,88700,0.998366013071895,0
2025/07/22,3055,3060,3000,3015,115900,0.986906710310966,0
2025/07/23,3050,3205,3050,3190,237900,1.04590163934426,1
2025/07/24,3215,3240,3190,3225,124500,1.00311041990669,0
2025/07/25,3200,3225,3175,3190,86700,0.996875,0
2025/07/28,3180,3205,3180,3205,50400,1.00786163522013,0
2025/07/29,3195,3215,3180,3205,59100,1.00312989045383,0
2025/07/30,3205,3215,3155,3155,181200,0.984399375975039,0
2025/07/31,3175,3200,3155,3160,121900,0.995275590551181,0
2025/08/01,3160,3205,3155,3190,42900,1.00949367088608,0
2025/08/04,3150,3170,3105,3135,121700,0.995238095238095,0
2025/08/05,3150,3190,3125,3125,105200,0.992063492063492,0
2025/08/06,3160,3195,3130,3165,50200,1.00158227848101,0
2025/08/07,3140,3270,3135,3155,134200,1.00477707006369,0
2025/08/08,3225,3225,3175,3220,146200,0.998449612403101,0
2025/08/12,3220,3290,3220,3260,216100,1.01242236024845,0
2025/08/13,3270,3330,3240,3295,204000,1.00764525993884,0
2025/08/14,3300,3335,3280,3285,69700,0.995454545454545,0
2025/08/15,3270,3295,3260,3285,76500,1.0045871559633,0
2025/08/18,3290,3310,3280,3280,84000,0.996960486322188,0
2025/08/19,3300,3335,3300,3335,99300,1.01060606060606,0
2025/08/20,3340,3380,3305,3320,86900,0.994011976047904,0
2025/08/21,3320,3390,3310,3380,117400,1.01807228915663,0
2025/08/22,3380,3380,3330,3355,108200,0.992603550295858,0
2025/08/25,3380,3390,3360,3385,65100,1.00147928994083,0
2025/08/26,3380,3380,3345,3370,45500,0.997041420118343,0
2025/08/27,3370,3370,3325,3350,39100,0.99406528189911,0
2025/08/28,3350,3355,3330,3350,32800,1,0
2025/08/29,3345,3345,3310,3325,68800,0.994020926756353,0
2025/09/01,3330,3350,3305,3335,61400,1.0015015015015,0
2025/09/02,3355,3360,3315,3330,43200,0.992548435171386,0
2025/09/03,3320,3370,3305,3365,106500,1.01355421686747,0
2025/09/04,3365,3370,3325,3355,74800,0.99702823179792,0
2025/09/05,3370,3380,3355,3375,61800,1.00148367952522,0
2025/09/08,3390,3425,3380,3420,99800,1.00884955752212,0
2025/09/09,3430,3450,3385,3405,61400,0.992711370262391,0
2025/09/10,3405,3425,3395,3405,44700,1,0
2025/09/11,3415,3430,3395,3430,46600,1.00439238653001,0
2025/09/12,3435,3460,3400,3445,125700,1.00291120815138,0
2025/09/16,3455,3460,3410,3455,72200,1,0
2025/09/17,3445,3450,3380,3440,77200,0.998548621190131,0
2025/09/18,3440,3445,3415,3435,48700,0.998546511627907,0
2025/09/19,3445,3465,3385,3405,147700,0.988388969521045,0
2025/09/22,3400,3430,3400,3415,41700,1.00441176470588,0
2025/09/24,3415,3420,3395,3400,42400,0.995607613469985,0
2025/09/25,3425,3425,3385,3400,56900,0.992700729927007,0
2025/09/26,3395,3415,3385,3415,66400,1.00589101620029,0
2025/09/29,3400,3415,3345,3350,124600,0.985294117647059,0
2025/09/30,3355,3385,3340,3375,116600,1.00596125186289,0
2025/10/01,3350,3355,3275,3290,102500,0.982089552238806,0
2025/10/02,3290,3320,3285,3310,68600,1.00607902735562,0
2025/10/03,3305,3330,3290,3330,48000,1.00756429652042,0
2025/10/06,3400,3420,3365,3385,143000,0.995588235294118,0
2025/10/07,3360,3420,3355,3420,68300,1.01785714285714,0
2025/10/08,3405,3445,3390,3440,91800,1.01027900146843,0
2025/10/09,3415,3455,3410,3420,87500,1.00146412884334,0
2025/10/10,3385,3385,3320,3340,102200,0.986706056129985,0
2025/10/14,3275,3300,3225,3240,150900,0.989312977099237,0
2025/10/15,3275,3295,3260,3285,80500,1.0030534351145,0
2025/10/16,3290,3330,3285,3315,68600,1.00759878419453,0
2025/10/17,3295,3315,3275,3295,62200,1,0
2025/10/20,3325,3340,3290,3335,59800,1.00300751879699,0
2025/10/21,3340,3355,3325,3350,50300,1.00299401197605,0
2025/10/22,3355,3405,3355,3375,140000,1.00596125186289,0
2025/10/23,3370,3390,3355,3380,51000,1.00296735905045,0
2025/10/24,3380,3380,3355,3360,44100,0.994082840236686,0
2025/10/27,3375,3415,3370,3405,97800,1.00888888888889,0
2025/10/28,3385,3385,3300,3315,79800,0.979320531757755,0
2025/10/29,3300,3300,3235,3235,127100,0.98030303030303,0
2025/10/30,3235,3250,3220,3245,79000,1.00309119010819,0
2025/10/31,3255,3270,3230,3270,101500,1.00460829493088,0
2025/11/04,3250,3295,3225,3275,71800,1.00769230769231,0
2025/11/05,3275,3275,3225,3275,124100,1,0
2025/11/06,3275,3320,3270,3305,53700,1.00916030534351,0
2025/11/07,3295,3305,3265,3275,54400,0.993930197268589,0
2025/11/10,3290,3290,3265,3270,52600,0.993920972644377,0
2025/11/11,3270,3475,3245,3420,179300,1.04587155963303,1
2025/11/12,3430,3550,3425,3550,235200,1.03498542274052,1
2025/11/13,3540,3560,3525,3550,109000,1.00282485875706,0
2025/11/14,3545,3615,3530,3595,121600,1.01410437235543,0
2025/11/17,3610,3615,3500,3530,126200,0.977839335180055,0
2025/11/18,3520,3545,3470,3475,95800,0.987215909090909,0
2025/11/19,3480,3490,3425,3460,96100,0.994252873563218,0
2025/11/20,3480,3490,3450,3450,54600,0.991379310344828,0
2025/11/21,3440,3490,3440,3490,82300,1.01453488372093,0
2025/11/25,3510,3545,3500,3545,87200,1.00997150997151,0
2025/11/26,3560,3630,3555,3605,108900,1.0126404494382,0
2025/11/27,3590,3605,3560,3565,67000,0.993036211699164,0
2025/11/28,3595,3620,3585,3585,58000,0.997218358831711,0
2025/12/01,3615,3625,3545,3575,78200,0.988934993084371,0
2025/12/02,3590,3625,3580,3605,121500,1.0041782729805,0
2025/12/03,3615,3620,3590,3595,98100,0.994467496542185,0
2025/12/04,3620,3675,3610,3660,91400,1.01104972375691,0
2025/12/05,3635,3635,3575,3605,95100,0.991746905089409,0
2025/12/08,3620,3635,3610,3610,47900,0.997237569060773,0
2025/12/09,3625,3635,3600,3605,66900,0.99448275862069,0
2025/12/10,3600,3635,3590,3615,96400,1.00416666666667,0
2025/12/11,3635,3635,3560,3560,112600,0.979367262723521,0
2025/12/12,3565,3580,3540,3570,73300,1.00140252454418,0
2025/12/15,3585,3595,3545,3575,80200,0.99721059972106,0
2025/12/16,3540,3550,3520,3530,113600,0.997175141242938,0
2025/12/17,3535,3535,3490,3515,76800,0.994342291371994,0
2025/12/18,3515,3560,3515,3535,51400,1.00568990042674,0
2025/12/19,3535,3595,3535,3575,88600,1.01131541725601,0
2025/12/22,3585,3595,3560,3575,64400,0.99721059972106,0
2025/12/23,3580,3595,3555,3555,61100,0.993016759776536,0
2025/12/24,3565,3610,3565,3580,71000,1.00420757363254,0
2025/12/25,3600,3635,3580,3620,59400,1.00555555555556,0
2025/12/26,3640,3650,3625,3635,114500,0.998626373626374,0
2025/12/29,3560,3615,3545,3585,199800,1.00702247191011,0
2025/12/30,3560,3595,3555,3570,55400,1.00280898876405,0
2026/01/05,3585,3630,3580,3585,101200,1,0
2026/01/06,3595,3640,3595,3640,124400,1.0125173852573,0
2026/01/07,3640,3705,3620,3675,110200,1.00961538461538,0
2026/01/08,3640,3695,3595,3685,108700,1.01236263736264,0
2026/01/09,3760,3875,3750,3795,205000,1.0093085106383,0
2026/01/13,3875,3895,3825,3850,116400,0.993548387096774,0
2026/01/14,3860,3910,3850,3895,83200,1.00906735751295,0
2026/01/15,3895,3950,3880,3940,78800,1.01155327342747,0
2026/01/16,3940,3970,3890,3955,83600,1.00380710659898,0
2026/01/19,4000,4040,3935,3960,120400,0.99,0
2026/01/20,3960,3980,3885,3890,104100,0.982323232323232,0
2026/01/21,3820,3830,3715,3755,125200,0.982984293193717,0
2026/01/22,3825,3890,3805,3850,103100,1.00653594771242,0
2026/01/23,3905,3905,3855,3895,74800,0.997439180537772,0
